{"channel":2.626740194e+82,"a":0.0002076543,"lambda":0.4929330975,"c":0.0000011062,"tau":2.030735666}