{"TCTPH.4L5.B1": {"TCTPH.4L5.B1:SET_LD": [[1656633130.846988, 1656633829.7453637, 1656633829.7453637], [6.82, 6.82, 6.82]], "TCTPH.4L5.B1:SET_RD": [[1656633130.846988, 1656633829.7453637, 1656633829.7453637], [-11.905, -11.905, -11.905]]}, "TCTPV.4L5.B1": {"TCTPV.4L5.B1:SET_LD": [[], []], "TCTPV.4L5.B1:SET_RD": [[], []]}, "TCL.4R5.B1": {"TCL.4R5.B1:SET_LD": [[1656633130.846988, 1656633829.7453637, 1656633829.7453637], [12.415, 12.415, 12.415]], "TCL.4R5.B1:SET_RD": [[1656633130.846988, 1656633829.7453637, 1656633829.7453637], [-10.665, -10.665, -10.665]]}, "TCL.5R5.B1": {"TCL.5R5.B1:SET_LD": [[1656634579.5486135], [13.8708]], "TCL.5R5.B1:SET_RD": [[1656634579.5486135], [-14.4061]]}, "TCL.6R5.B1": {"TCL.6R5.B1:SET_LD": [[1656634580.3486135, 1656635717.8309119, 1656635717.8309119, 1656636169.260194, 1656636169.260194, 1656636897.4618635, 1656636897.4618635, 1656636900.1628635, 1656636900.1628635, 1656636902.9628637, 1656636902.9628637, 1656636907.294845, 1656636907.294845, 1656636911.268968, 1656636911.268968, 1656636936.9629886, 1656636936.9629886, 1656636943.598133, 1656636943.598133, 1656636958.6632385, 1656636958.6632385], [1.1399, 1.1399, 1.5398999999999998, 1.5398999999999998, 1.9398999999999997, 1.9398999999999997, 1.8398999999999996, 1.8398999999999996, 1.7398999999999996, 1.7398999999999996, 1.6398999999999995, 1.6398999999999995, 1.5398999999999994, 1.5398999999999994, 1.4398999999999993, 1.4398999999999993, 1.3898999999999992, 1.3898999999999992, 1.4398999999999993, 1.4398999999999993, 1.4198999999999993]], "TCL.6R5.B1:SET_RD": [[1656634580.3486135, 1656635717.8309119, 1656635717.8309119, 1656636169.260194, 1656636169.260194, 1656636897.4618635, 1656636897.4618635, 1656636900.1628635, 1656636900.1628635, 1656636902.9628637, 1656636902.9628637, 1656636907.294845, 1656636907.294845, 1656636911.268968, 1656636911.268968, 1656636936.9629886, 1656636936.9629886, 1656636943.598133, 1656636943.598133, 1656636958.6632385, 1656636958.6632385], [-0.95, -0.95, -1.35, -1.35, -1.7500000000000002, -1.7500000000000002, -1.6500000000000001, -1.6500000000000001, -1.55, -1.55, -1.45, -1.45, -1.3499999999999999, -1.3499999999999999, -1.2499999999999998, -1.2499999999999998, -1.1999999999999997, -1.1999999999999997, -1.2499999999999998, -1.2499999999999998, -1.2299999999999998]]}, "TCTPH.4R5.B2": {"TCTPH.4R5.B2:SET_LD": [[1656633130.846988, 1656633829.773092, 1656633829.773092], [11.325, 11.325, 11.325]], "TCTPH.4R5.B2:SET_RD": [[1656633130.846988, 1656633829.773092, 1656633829.773092], [-7.4, -7.4, -7.4]]}, "TCTPV.4R5.B2": {"TCTPV.4R5.B2:SET_LD": [[1656633829.7453637], [6.49]], "TCTPV.4R5.B2:SET_RD": [[1656633829.7453637], [-5.895]]}, "TCL.4L5.B2": {"TCL.4L5.B2:SET_LD": [[1656633130.846988, 1656633829.7453637, 1656633829.7453637], [11.48, 11.48, 11.48]], "TCL.4L5.B2:SET_RD": [[1656633130.846988, 1656633829.7453637, 1656633829.7453637], [-11.595, -11.595, -11.595]]}, "TCL.5L5.B2": {"TCL.5L5.B2:SET_LD": [[1656634579.9496136], [14.08]], "TCL.5L5.B2:SET_RD": [[1656634579.9496136], [-13.9603]]}, "TCL.6L5.B2": {"TCL.6L5.B2:SET_LD": [[1656634580.716067, 1656635598.0252452, 1656635598.0252452, 1656636113.91309, 1656636113.91309, 1656636680.3556135, 1656636680.3556135, 1656636682.8679051, 1656636682.8679051, 1656636685.0352662, 1656636685.0352662, 1656636688.0616136, 1656636688.0616136, 1656636690.522205, 1656636690.522205, 1656636693.522113, 1656636693.522113, 1656636697.812645, 1656636697.812645, 1656636701.0353181, 1656636701.0353181, 1656636708.204742, 1656636708.204742, 1656636714.3617387, 1656636714.3617387, 1656636721.323569, 1656636721.323569, 1656636732.7618635, 1656636732.7618635], [1.1176, 1.1176, 1.5175999999999998, 1.5175999999999998, 1.9175999999999997, 1.9175999999999997, 1.8675999999999997, 1.8675999999999997, 1.8175999999999997, 1.8175999999999997, 1.7675999999999996, 1.7675999999999996, 1.7175999999999996, 1.7175999999999996, 1.6675999999999995, 1.6675999999999995, 1.6175999999999995, 1.6175999999999995, 1.5675999999999994, 1.5675999999999994, 1.5175999999999994, 1.5175999999999994, 1.4675999999999993, 1.4675999999999993, 1.4175999999999993, 1.4175999999999993, 1.3675999999999993, 1.3675999999999993, 1.4175999999999993]], "TCL.6L5.B2:SET_RD": [[1656634580.716067, 1656635598.0252452, 1656635598.0252452, 1656636113.91309, 1656636113.91309, 1656636680.3556135, 1656636680.3556135, 1656636682.8679051, 1656636682.8679051, 1656636685.0352662, 1656636685.0352662, 1656636688.0616136, 1656636688.0616136, 1656636690.522205, 1656636690.522205, 1656636693.522113, 1656636693.522113, 1656636697.812645, 1656636697.812645, 1656636701.0353181, 1656636701.0353181, 1656636708.204742, 1656636708.204742, 1656636714.3617387, 1656636714.3617387, 1656636721.323569, 1656636721.323569, 1656636732.7618635, 1656636732.7618635], [-0.9827, -0.9827, -1.3826999999999998, -1.3826999999999998, -1.7826999999999997, -1.7826999999999997, -1.7326999999999997, -1.7326999999999997, -1.6826999999999996, -1.6826999999999996, -1.6326999999999996, -1.6326999999999996, -1.5826999999999996, -1.5826999999999996, -1.5326999999999995, -1.5326999999999995, -1.4826999999999995, -1.4826999999999995, -1.4326999999999994, -1.4326999999999994, -1.3826999999999994, -1.3826999999999994, -1.3326999999999993, -1.3326999999999993, -1.2826999999999993, -1.2826999999999993, -1.2326999999999992, -1.2326999999999992, -1.2826999999999993]]}}