{"TCTPH.4L5.B1": {"TCTPH.4L5.B1:SET_LD": [[1656541793.3173637, 1656542448.022905, 1656542448.022905, 1656542671.696486, 1656542671.696486, 1656548168.3536134, 1656548168.3536134, 1656550097.5644886, 1656550097.5644886, 1656550447.388823, 1656550447.388823, 1656552751.5796134, 1656552751.5796134, 1656552979.829487, 1656552979.829487, 1656559541.510171, 1656559541.510171], [6.82, 6.82, 25.0, 25.0, 11.2315, 11.2315, 6.82, 6.82, 6.815, 6.815, 6.82, 6.82, 25.0, 25.0, 11.2315, 11.2315, 6.82]], "TCTPH.4L5.B1:SET_RD": [[1656541793.3173637, 1656542448.022905, 1656542448.022905, 1656542671.696486, 1656542671.696486, 1656548168.3536134, 1656548168.3536134, 1656550097.5644886, 1656550097.5644886, 1656550447.388823, 1656550447.388823, 1656552751.5796134, 1656552751.5796134, 1656552979.829487, 1656552979.829487, 1656559541.510171, 1656559541.510171], [-11.905, -11.905, -25.0, -25.0, -17.5016, -17.5016, -11.905, -11.905, -11.91, -11.91, -11.905, -11.905, -25.0, -25.0, -17.5016, -17.5016, -11.905]]}, "TCTPV.4L5.B1": {"TCTPV.4L5.B1:SET_LD": [[1656542448.002958, 1656542671.6223636, 1656542671.6223636, 1656552751.482808, 1656552751.482808, 1656552979.7808635, 1656552979.7808635, 1656559541.510171, 1656559541.510171], [25.0, 25.0, 9.9342, 9.9342, 25.0, 25.0, 9.9342, 9.9342, 6.24]], "TCTPV.4L5.B1:SET_RD": [[1656542448.002958, 1656542671.6223636, 1656542671.6223636, 1656552751.482808, 1656552751.482808, 1656552979.7808635, 1656552979.7808635, 1656559541.510171, 1656559541.510171], [-25.0, -25.0, -10.4444, -10.4444, -25.0, -25.0, -10.4444, -10.4444, -6.145]]}, "TCL.4R5.B1": {"TCL.4R5.B1:SET_LD": [[1656542448.022905, 1656542671.696486, 1656542671.696486, 1656548168.3536134, 1656548168.3536134, 1656549736.6564887, 1656549736.6564887, 1656550447.3736942, 1656550447.3736942, 1656552751.5796134, 1656552751.5796134, 1656552979.829487, 1656552979.829487, 1656559541.450079, 1656559541.450079], [27.0, 27.0, 24.9998, 24.9998, 12.415, 12.415, 12.41, 12.41, 12.415, 12.415, 27.0, 27.0, 24.9998, 24.9998, 12.415]], "TCL.4R5.B1:SET_RD": [[1656542448.022905, 1656542671.696486, 1656542671.696486, 1656548168.3536134, 1656548168.3536134, 1656549736.6564887, 1656549736.6564887, 1656550447.3736942, 1656550447.3736942, 1656552751.5796134, 1656552751.5796134, 1656552979.829487, 1656552979.829487, 1656559541.450079, 1656559541.450079], [-27.0, -27.0, -25.0002, -25.0002, -10.665, -10.665, -10.67, -10.67, -10.665, -10.665, -27.0, -27.0, -25.0002, -25.0002, -10.665]]}, "TCL.5R5.B1": {"TCL.5R5.B1:SET_LD": [[1656542448.022905, 1656542671.694353, 1656542671.694353, 1656548395.92772, 1656548395.92772, 1656552751.5796134, 1656552751.5796134, 1656552979.829487, 1656552979.829487, 1656558986.4231732, 1656558986.4231732], [27.0, 27.0, 24.9998, 24.9998, 13.8708, 13.8708, 27.0, 27.0, 24.9998, 24.9998, 13.8708]], "TCL.5R5.B1:SET_RD": [[1656542448.022905, 1656542671.694353, 1656542671.694353, 1656548395.92772, 1656548395.92772, 1656552751.5796134, 1656552751.5796134, 1656552979.829487, 1656552979.829487, 1656558986.4231732, 1656558986.4231732], [-27.0, -27.0, -25.0002, -25.0002, -14.4061, -14.4061, -27.0, -27.0, -25.0002, -25.0002, -14.4061]]}, "TCL.6R5.B1": {"TCL.6R5.B1:SET_LD": [[1656542448.002958, 1656542671.6223636, 1656542671.6223636, 1656548396.570617, 1656548396.570617, 1656552751.482808, 1656552751.482808, 1656552979.7808635, 1656552979.7808635, 1656558987.083891, 1656558987.083891], [27.0, 27.0, 24.9998, 24.9998, 1.1399, 1.1399, 27.0, 27.0, 24.9998, 24.9998, 1.1399]], "TCL.6R5.B1:SET_RD": [[1656542448.002958, 1656542671.6223636, 1656542671.6223636, 1656548396.570617, 1656548396.570617, 1656552751.482808, 1656552751.482808, 1656552979.7808635, 1656552979.7808635, 1656558987.083891, 1656558987.083891], [-27.0, -27.0, -25.0002, -25.0002, -0.95, -0.95, -27.0, -27.0, -25.0002, -25.0002, -0.95]]}, "TCTPH.4R5.B2": {"TCTPH.4R5.B2:SET_LD": [[1656542462.2192385, 1656542686.268973, 1656542686.268973, 1656548168.3536134, 1656548168.3536134, 1656550097.5644886, 1656550097.5644886, 1656550447.3736942, 1656550447.3736942, 1656552765.7132812, 1656552765.7132812, 1656552993.224465, 1656552993.224465, 1656559541.510171, 1656559541.510171], [25.0, 25.0, 17.0597, 17.0597, 11.325, 11.325, 11.32, 11.32, 11.325, 11.325, 25.0, 25.0, 17.0597, 17.0597, 11.325]], "TCTPH.4R5.B2:SET_RD": [[1656542462.2192385, 1656542686.268973, 1656542686.268973, 1656548168.3536134, 1656548168.3536134, 1656550097.5644886, 1656550097.5644886, 1656550447.3736942, 1656550447.3736942, 1656552765.7132812, 1656552765.7132812, 1656552993.224465, 1656552993.224465, 1656559541.510171, 1656559541.510171], [-25.0, -25.0, -11.1898, -11.1898, -7.4, -7.4, -7.405, -7.405, -7.4, -7.4, -25.0, -25.0, -11.1898, -11.1898, -7.4]]}, "TCTPV.4R5.B2": {"TCTPV.4R5.B2:SET_LD": [[1656542462.2202384, 1656542686.268973, 1656542686.268973, 1656550447.3736942, 1656550447.3736942, 1656552765.7132812, 1656552765.7132812, 1656552993.224465, 1656552993.224465, 1656559541.510171, 1656559541.510171], [25.0, 25.0, 10.1978, 10.1978, 6.49, 6.49, 25.0, 25.0, 10.1978, 10.1978, 6.49]], "TCTPV.4R5.B2:SET_RD": [[1656542462.2202384, 1656542686.268973, 1656542686.268973, 1656550447.3736942, 1656550447.3736942, 1656552765.7132812, 1656552765.7132812, 1656552993.224465, 1656552993.224465, 1656559541.510171, 1656559541.510171], [-25.0, -25.0, -8.908, -8.908, -5.895, -5.895, -25.0, -25.0, -8.908, -8.908, -5.895]]}, "TCL.4L5.B2": {"TCL.4L5.B2:SET_LD": [[1656542462.1724849, 1656542686.268973, 1656542686.268973, 1656548168.3536134, 1656548168.3536134, 1656549736.6564887, 1656549736.6564887, 1656550447.3736942, 1656550447.3736942, 1656552765.6797388, 1656552765.6797388, 1656552993.252391, 1656552993.252391, 1656559541.450079, 1656559541.450079], [27.0, 27.0, 24.9998, 24.9998, 11.48, 11.48, 11.475, 11.475, 11.48, 11.48, 27.0, 27.0, 24.9998, 24.9998, 11.48]], "TCL.4L5.B2:SET_RD": [[1656542462.1724849, 1656542686.268973, 1656542686.268973, 1656548168.3536134, 1656548168.3536134, 1656549736.6564887, 1656549736.6564887, 1656550447.3736942, 1656550447.3736942, 1656552765.6797388, 1656552765.6797388, 1656552993.252391, 1656552993.252391, 1656559541.450079, 1656559541.450079], [-27.0, -27.0, -25.0002, -25.0002, -11.595, -11.595, -11.6, -11.6, -11.595, -11.595, -27.0, -27.0, -25.0002, -25.0002, -11.595]]}, "TCL.5L5.B2": {"TCL.5L5.B2:SET_LD": [[1656542462.1724849, 1656542686.268973, 1656542686.268973, 1656548396.267874, 1656548396.267874, 1656552765.6797388, 1656552765.6797388, 1656552993.224465, 1656552993.224465, 1656558986.763242, 1656558986.763242], [27.0, 27.0, 24.9998, 24.9998, 14.08, 14.08, 27.0, 27.0, 24.9998, 24.9998, 14.08]], "TCL.5L5.B2:SET_RD": [[1656542462.1724849, 1656542686.268973, 1656542686.268973, 1656548396.267874, 1656548396.267874, 1656552765.6797388, 1656552765.6797388, 1656552993.224465, 1656552993.224465, 1656558986.763242, 1656558986.763242], [-27.0, -27.0, -25.0002, -25.0002, -13.9603, -13.9603, -27.0, -27.0, -25.0002, -25.0002, -13.9603]]}, "TCL.6L5.B2": {"TCL.6L5.B2:SET_LD": [[1656542462.223093, 1656542686.284406, 1656542686.284406, 1656548396.891227, 1656548396.891227, 1656552765.7256951, 1656552765.7256951, 1656552993.2625742, 1656552993.2625742, 1656558987.4149885, 1656558987.4149885], [27.0, 27.0, 24.9998, 24.9998, 1.1176, 1.1176, 27.0, 27.0, 24.9998, 24.9998, 1.1176]], "TCL.6L5.B2:SET_RD": [[1656542462.223093, 1656542686.284406, 1656542686.284406, 1656548396.891227, 1656548396.891227, 1656552765.7256951, 1656552765.7256951, 1656552993.2625742, 1656552993.2625742, 1656558987.4149885, 1656558987.4149885], [-27.0, -27.0, -25.0002, -25.0002, -0.9827, -0.9827, -27.0, -27.0, -25.0002, -25.0002, -0.9827]]}}