{"TCTPH.4L5.B1": {"TCTPH.4L5.B1:SET_LD": [[1656528260.793926, 1656528452.72073, 1656528452.72073, 1656540703.5257142, 1656540703.5257142], [25.0, 25.0, 11.2315, 11.2315, 6.82]], "TCTPH.4L5.B1:SET_RD": [[1656528260.793926, 1656528452.72073, 1656528452.72073, 1656540703.5257142, 1656540703.5257142], [-25.0, -25.0, -17.5016, -17.5016, -11.905]]}, "TCTPV.4L5.B1": {"TCTPV.4L5.B1:SET_LD": [[1656528260.766395, 1656528452.6956549, 1656528452.6956549], [25.0, 25.0, 9.9342]], "TCTPV.4L5.B1:SET_RD": [[1656528260.766395, 1656528452.6956549, 1656528452.6956549], [-25.0, -25.0, -10.4444]]}, "TCL.4R5.B1": {"TCL.4R5.B1:SET_LD": [[1656527059.704602, 1656527692.1373637, 1656527692.1373637, 1656528260.787518, 1656528260.787518, 1656528452.71969, 1656528452.71969], [12.4137, 12.4137, 12.4137, 12.4137, 27.0, 27.0, 24.9998]], "TCL.4R5.B1:SET_RD": [[1656527059.704602, 1656527692.1373637, 1656527692.1373637, 1656528260.787518, 1656528260.787518, 1656528452.71969, 1656528452.71969], [-10.6639, -10.6639, -10.6639, -10.6639, -27.0, -27.0, -25.0002]]}, "TCL.5R5.B1": {"TCL.5R5.B1:SET_LD": [[1656527059.704602, 1656527397.7844179, 1656527397.7844179, 1656527692.1373637, 1656527692.1373637, 1656528175.1402385, 1656528175.1402385, 1656528260.787518, 1656528260.787518, 1656528452.6956549, 1656528452.6956549, 1656536936.2219028, 1656536936.2219028], [5.4557, 5.4557, 13.8708, 13.8708, 5.4557, 5.4557, 13.8708, 13.8708, 27.0, 27.0, 24.9998, 24.9998, 13.8708]], "TCL.5R5.B1:SET_RD": [[1656527059.704602, 1656527397.7844179, 1656527397.7844179, 1656527692.1373637, 1656527692.1373637, 1656528175.1402385, 1656528175.1402385, 1656528260.787518, 1656528260.787518, 1656528452.6956549, 1656528452.6956549, 1656536936.2219028, 1656536936.2219028], [-5.9908, -5.9908, -14.4061, -14.4061, -5.9908, -5.9908, -14.4061, -14.4061, -27.0, -27.0, -25.0002, -25.0002, -14.4061]]}, "TCL.6R5.B1": {"TCL.6R5.B1:SET_LD": [[1656527424.500235, 1656527957.946671, 1656527957.946671, 1656528176.70157, 1656528176.70157, 1656528260.766395, 1656528260.766395, 1656528452.6956549, 1656528452.6956549, 1656536938.193548, 1656536938.193548], [1.1399, 1.1399, 24.9998, 24.9998, 1.1399, 1.1399, 27.0, 27.0, 24.9998, 24.9998, 1.1399]], "TCL.6R5.B1:SET_RD": [[1656527424.500235, 1656527957.946671, 1656527957.946671, 1656528176.70157, 1656528176.70157, 1656528260.766395, 1656528260.766395, 1656528452.6956549, 1656528452.6956549, 1656536938.193548, 1656536938.193548], [-0.95, -0.95, -25.0002, -25.0002, -0.95, -0.95, -27.0, -27.0, -25.0002, -25.0002, -0.95]]}, "TCTPH.4R5.B2": {"TCTPH.4R5.B2:SET_LD": [[1656528288.9425602, 1656528465.8473332, 1656528465.8473332, 1656540703.2367182, 1656540703.2367182], [25.0, 25.0, 17.0597, 17.0597, 11.325]], "TCTPH.4R5.B2:SET_RD": [[1656528288.9425602, 1656528465.8473332, 1656528465.8473332, 1656540703.2367182, 1656540703.2367182], [-25.0, -25.0, -11.1898, -11.1898, -7.4]]}, "TCTPV.4R5.B2": {"TCTPV.4R5.B2:SET_LD": [[1656528288.9425602, 1656528465.8473332, 1656528465.8473332], [25.0, 25.0, 10.1978]], "TCTPV.4R5.B2:SET_RD": [[1656528288.9425602, 1656528465.8473332, 1656528465.8473332], [-25.0, -25.0, -8.908]]}, "TCL.4L5.B2": {"TCL.4L5.B2:SET_LD": [[1656527059.7276134, 1656527692.1373637, 1656527692.1373637, 1656528288.934925, 1656528288.934925, 1656528465.8473332, 1656528465.8473332], [11.4812, 11.4812, 11.4812, 11.4812, 27.0, 27.0, 24.9998]], "TCL.4L5.B2:SET_RD": [[1656527059.7276134, 1656527692.1373637, 1656527692.1373637, 1656528288.934925, 1656528288.934925, 1656528465.8473332, 1656528465.8473332], [-11.5964, -11.5964, -11.5964, -11.5964, -27.0, -27.0, -25.0002]]}, "TCL.5L5.B2": {"TCL.5L5.B2:SET_LD": [[1656527059.7276134, 1656527412.274868, 1656527412.274868, 1656527692.1373637, 1656527692.1373637, 1656528175.978544, 1656528175.978544, 1656528288.934925, 1656528288.934925, 1656528465.8473332, 1656528465.8473332, 1656536937.176033, 1656536937.176033], [5.7353, 5.7353, 14.08, 14.08, 5.7353, 5.7353, 14.08, 14.08, 27.0, 27.0, 24.9998, 24.9998, 14.08]], "TCL.5L5.B2:SET_RD": [[1656527059.7276134, 1656527412.274868, 1656527412.274868, 1656527692.1373637, 1656527692.1373637, 1656528175.978544, 1656528175.978544, 1656528288.934925, 1656528288.934925, 1656528465.8473332, 1656528465.8473332, 1656536937.176033, 1656536937.176033], [-5.6154, -5.6154, -13.9603, -13.9603, -5.6154, -5.6154, -13.9603, -13.9603, -27.0, -27.0, -25.0002, -25.0002, -13.9603]]}, "TCL.6L5.B2": {"TCL.6L5.B2:SET_LD": [[1656527434.1358635, 1656527957.946671, 1656527957.946671, 1656528177.408989, 1656528177.408989, 1656528288.9425602, 1656528288.9425602, 1656528465.92181, 1656528465.92181, 1656536939.193615, 1656536939.193615], [1.1176, 1.1176, 24.9998, 24.9998, 1.1176, 1.1176, 27.0, 27.0, 24.9998, 24.9998, 1.1176]], "TCL.6L5.B2:SET_RD": [[1656527434.1358635, 1656527957.946671, 1656527957.946671, 1656528177.408989, 1656528177.408989, 1656528288.9425602, 1656528288.9425602, 1656528465.92181, 1656528465.92181, 1656536939.193615, 1656536939.193615], [-0.9827, -0.9827, -25.0002, -25.0002, -0.9827, -0.9827, -27.0, -27.0, -25.0002, -25.0002, -0.9827]]}}