{"TCTPH.4L5.B1": {"TCTPH.4L5.B1:SET_LD": [[1656469521.361637, 1656469745.5641282, 1656469745.5641282], [25.0, 25.0, 11.2315]], "TCTPH.4L5.B1:SET_RD": [[1656469521.361637, 1656469745.5641282, 1656469745.5641282], [-25.0, -25.0, -17.5016]]}, "TCTPV.4L5.B1": {"TCTPV.4L5.B1:SET_LD": [[1656469521.2996135, 1656469745.505568, 1656469745.505568], [25.0, 25.0, 9.9342]], "TCTPV.4L5.B1:SET_RD": [[1656469521.2996135, 1656469745.505568, 1656469745.505568], [-25.0, -25.0, -10.4444]]}, "TCL.4R5.B1": {"TCL.4R5.B1:SET_LD": [[1656469521.361637, 1656469745.5641282, 1656469745.5641282], [27.0, 27.0, 24.9998]], "TCL.4R5.B1:SET_RD": [[1656469521.361637, 1656469745.5641282, 1656469745.5641282], [-27.0, -27.0, -25.0002]]}, "TCL.5R5.B1": {"TCL.5R5.B1:SET_LD": [[1656469521.361637, 1656469745.564074, 1656469745.564074], [27.0, 27.0, 24.9998]], "TCL.5R5.B1:SET_RD": [[1656469521.361637, 1656469745.564074, 1656469745.564074], [-27.0, -27.0, -25.0002]]}, "TCL.6R5.B1": {"TCL.6R5.B1:SET_LD": [[1656469521.2996135, 1656469745.505568, 1656469745.505568], [27.0, 27.0, 24.9998]], "TCL.6R5.B1:SET_RD": [[1656469521.2996135, 1656469745.505568, 1656469745.505568], [-27.0, -27.0, -25.0002]]}, "TCTPH.4R5.B2": {"TCTPH.4R5.B2:SET_LD": [[1656469535.2464252, 1656469759.6009886, 1656469759.6009886], [25.0, 25.0, 17.0597]], "TCTPH.4R5.B2:SET_RD": [[1656469535.2464252, 1656469759.6009886, 1656469759.6009886], [-25.0, -25.0, -11.1898]]}, "TCTPV.4R5.B2": {"TCTPV.4R5.B2:SET_LD": [[1656469535.2464252, 1656469759.6009886, 1656469759.6009886], [25.0, 25.0, 10.1978]], "TCTPV.4R5.B2:SET_RD": [[1656469535.2464252, 1656469759.6009886, 1656469759.6009886], [-25.0, -25.0, -8.908]]}, "TCL.4L5.B2": {"TCL.4L5.B2:SET_LD": [[1656469535.2155142, 1656469759.6009886, 1656469759.6009886], [27.0, 27.0, 24.9998]], "TCL.4L5.B2:SET_RD": [[1656469535.2155142, 1656469759.6009886, 1656469759.6009886], [-27.0, -27.0, -25.0002]]}, "TCL.5L5.B2": {"TCL.5L5.B2:SET_LD": [[1656469535.2155142, 1656469759.6009886, 1656469759.6009886], [27.0, 27.0, 24.9998]], "TCL.5L5.B2:SET_RD": [[1656469535.2155142, 1656469759.6009886, 1656469759.6009886], [-27.0, -27.0, -25.0002]]}, "TCL.6L5.B2": {"TCL.6L5.B2:SET_LD": [[1656469535.2588372, 1656469759.6467772, 1656469759.6467772], [27.0, 27.0, 24.9998]], "TCL.6L5.B2:SET_RD": [[1656469535.2588372, 1656469759.6467772, 1656469759.6467772], [-27.0, -27.0, -25.0002]]}}