{"TCTPH.4L5.B1": {"TCTPH.4L5.B1:SET_LD": [[1656249382.110006, 1656249607.705745, 1656249607.705745, 1656251033.5848112, 1656251033.5848112, 1656251226.0771341, 1656251226.0771341, 1656254717.247958, 1656254717.247958, 1656263681.4143636, 1656263681.4143636, 1656263903.5440152, 1656263903.5440152], [25.0, 25.0, 11.2315, 11.2315, 25.0, 25.0, 11.2315, 11.2315, 11.2315, 11.2315, 25.0, 25.0, 11.2315]], "TCTPH.4L5.B1:SET_RD": [[1656249382.110006, 1656249607.705745, 1656249607.705745, 1656251033.5848112, 1656251033.5848112, 1656251226.0771341, 1656251226.0771341, 1656254717.247958, 1656254717.247958, 1656263681.4143636, 1656263681.4143636, 1656263903.5440152, 1656263903.5440152], [-25.0, -25.0, -17.5016, -17.5016, -25.0, -25.0, -17.5016, -17.5016, -17.5016, -17.5016, -25.0, -25.0, -17.5016]]}, "TCTPV.4L5.B1": {"TCTPV.4L5.B1:SET_LD": [[1656249382.0384886, 1656249607.688777, 1656249607.688777, 1656251033.569713, 1656251033.569713, 1656251226.051381, 1656251226.051381, 1656254717.1687386, 1656254717.1687386, 1656263681.3671572, 1656263681.3671572, 1656263903.522011, 1656263903.522011], [25.0, 25.0, 9.9342, 9.9342, 25.0, 25.0, 9.9342, 9.9342, 9.9342, 9.9342, 25.0, 25.0, 9.9342]], "TCTPV.4L5.B1:SET_RD": [[1656249382.0384886, 1656249607.688777, 1656249607.688777, 1656251033.569713, 1656251033.569713, 1656251226.051381, 1656251226.051381, 1656254717.1687386, 1656254717.1687386, 1656263681.3671572, 1656263681.3671572, 1656263903.522011, 1656263903.522011], [-25.0, -25.0, -10.4444, -10.4444, -25.0, -25.0, -10.4444, -10.4444, -10.4444, -10.4444, -25.0, -25.0, -10.4444]]}, "TCL.4R5.B1": {"TCL.4R5.B1:SET_LD": [[1656249382.110006, 1656249607.705745, 1656249607.705745, 1656251033.5848112, 1656251033.5848112, 1656251226.0771341, 1656251226.0771341, 1656254717.237629, 1656254717.237629, 1656263681.4143636, 1656263681.4143636, 1656263903.5440152, 1656263903.5440152], [27.0, 27.0, 24.9998, 24.9998, 27.0, 27.0, 24.9998, 24.9998, 24.9998, 24.9998, 27.0, 27.0, 24.9998]], "TCL.4R5.B1:SET_RD": [[1656249382.110006, 1656249607.705745, 1656249607.705745, 1656251033.5848112, 1656251033.5848112, 1656251226.0771341, 1656251226.0771341, 1656254717.237629, 1656254717.237629, 1656263681.4143636, 1656263681.4143636, 1656263903.5440152, 1656263903.5440152], [-27.0, -27.0, -25.0002, -25.0002, -27.0, -27.0, -25.0002, -25.0002, -25.0002, -25.0002, -27.0, -27.0, -25.0002]]}, "TCL.5R5.B1": {"TCL.5R5.B1:SET_LD": [[1656249382.110006, 1656249607.704268, 1656249607.704268, 1656251033.5848112, 1656251033.5848112, 1656251226.075212, 1656251226.075212, 1656254717.237629, 1656254717.237629, 1656263681.4064722, 1656263681.4064722, 1656263903.5421891, 1656263903.5421891], [27.0, 27.0, 24.9998, 24.9998, 27.0, 27.0, 24.9998, 24.9998, 24.9998, 24.9998, 27.0, 27.0, 24.9998]], "TCL.5R5.B1:SET_RD": [[1656249382.110006, 1656249607.704268, 1656249607.704268, 1656251033.5848112, 1656251033.5848112, 1656251226.075212, 1656251226.075212, 1656254717.237629, 1656254717.237629, 1656263681.4064722, 1656263681.4064722, 1656263903.5421891, 1656263903.5421891], [-27.0, -27.0, -25.0002, -25.0002, -27.0, -27.0, -25.0002, -25.0002, -25.0002, -25.0002, -27.0, -27.0, -25.0002]]}, "TCL.6R5.B1": {"TCL.6R5.B1:SET_LD": [[1656249382.0384886, 1656249607.688777, 1656249607.688777, 1656251033.569713, 1656251033.569713, 1656251226.051381, 1656251226.051381, 1656254717.1687386, 1656254717.1687386, 1656263681.3671572, 1656263681.3671572, 1656263903.522011, 1656263903.522011], [27.0, 27.0, 24.9998, 24.9998, 27.0, 27.0, 24.9998, 24.9998, 24.9998, 24.9998, 27.0, 27.0, 24.9998]], "TCL.6R5.B1:SET_RD": [[1656249382.0384886, 1656249607.688777, 1656249607.688777, 1656251033.569713, 1656251033.569713, 1656251226.051381, 1656251226.051381, 1656254717.1687386, 1656254717.1687386, 1656263681.3671572, 1656263681.3671572, 1656263903.522011, 1656263903.522011], [-27.0, -27.0, -25.0002, -25.0002, -27.0, -27.0, -25.0002, -25.0002, -25.0002, -25.0002, -27.0, -27.0, -25.0002]]}, "TCTPH.4R5.B2": {"TCTPH.4R5.B2:SET_LD": [[1656249395.912834, 1656249621.0398636, 1656249621.0398636, 1656251061.19017, 1656251061.19017, 1656251239.2489886, 1656251239.2489886, 1656254717.237629, 1656254717.237629, 1656263694.9851992, 1656263694.9851992, 1656263916.7217386, 1656263916.7217386], [25.0, 25.0, 17.0597, 17.0597, 25.0, 25.0, 17.0597, 17.0597, 17.0597, 17.0597, 25.0, 25.0, 17.0597]], "TCTPH.4R5.B2:SET_RD": [[1656249395.912834, 1656249621.0398636, 1656249621.0398636, 1656251061.19017, 1656251061.19017, 1656251239.2489886, 1656251239.2489886, 1656254717.237629, 1656254717.237629, 1656263694.9851992, 1656263694.9851992, 1656263916.7217386, 1656263916.7217386], [-25.0, -25.0, -11.1898, -11.1898, -25.0, -25.0, -11.1898, -11.1898, -11.1898, -11.1898, -25.0, -25.0, -11.1898]]}, "TCTPV.4R5.B2": {"TCTPV.4R5.B2:SET_LD": [[1656249395.912834, 1656249621.0398636, 1656249621.0398636, 1656251061.19017, 1656251061.19017, 1656251239.2489886, 1656251239.2489886, 1656254717.237629, 1656254717.237629, 1656263694.9851992, 1656263694.9851992, 1656263916.7217386, 1656263916.7217386], [25.0, 25.0, 10.1978, 10.1978, 25.0, 25.0, 10.1978, 10.1978, 10.1978, 10.1978, 25.0, 25.0, 10.1978]], "TCTPV.4R5.B2:SET_RD": [[1656249395.912834, 1656249621.0398636, 1656249621.0398636, 1656251061.19017, 1656251061.19017, 1656251239.2489886, 1656251239.2489886, 1656254717.237629, 1656254717.237629, 1656263694.9851992, 1656263694.9851992, 1656263916.7217386, 1656263916.7217386], [-25.0, -25.0, -8.908, -8.908, -25.0, -25.0, -8.908, -8.908, -8.908, -8.908, -25.0, -25.0, -8.908]]}, "TCL.4L5.B2": {"TCL.4L5.B2:SET_LD": [[1656249395.859686, 1656249621.125335, 1656249621.125335, 1656251061.1479886, 1656251061.1479886, 1656251239.2489886, 1656251239.2489886, 1656254717.1687386, 1656254717.1687386, 1656263694.937478, 1656263694.937478, 1656263916.7217386, 1656263916.7217386], [27.0, 27.0, 24.9998, 24.9998, 27.0, 27.0, 24.9998, 24.9998, 24.9998, 24.9998, 27.0, 27.0, 24.9998]], "TCL.4L5.B2:SET_RD": [[1656249395.859686, 1656249621.125335, 1656249621.125335, 1656251061.1479886, 1656251061.1479886, 1656251239.2489886, 1656251239.2489886, 1656254717.1687386, 1656254717.1687386, 1656263694.937478, 1656263694.937478, 1656263916.7217386, 1656263916.7217386], [-27.0, -27.0, -25.0002, -25.0002, -27.0, -27.0, -25.0002, -25.0002, -25.0002, -25.0002, -27.0, -27.0, -25.0002]]}, "TCL.5L5.B2": {"TCL.5L5.B2:SET_LD": [[1656249395.859686, 1656249621.0398636, 1656249621.0398636, 1656251061.1479886, 1656251061.1479886, 1656251239.2489886, 1656251239.2489886, 1656254717.1687386, 1656254717.1687386, 1656263694.937478, 1656263694.937478, 1656263916.7217386, 1656263916.7217386], [27.0, 27.0, 24.9998, 24.9998, 27.0, 27.0, 24.9998, 24.9998, 24.9998, 24.9998, 27.0, 27.0, 24.9998]], "TCL.5L5.B2:SET_RD": [[1656249395.859686, 1656249621.0398636, 1656249621.0398636, 1656251061.1479886, 1656251061.1479886, 1656251239.2489886, 1656251239.2489886, 1656254717.1687386, 1656254717.1687386, 1656263694.937478, 1656263694.937478, 1656263916.7217386, 1656263916.7217386], [-27.0, -27.0, -25.0002, -25.0002, -27.0, -27.0, -25.0002, -25.0002, -25.0002, -25.0002, -27.0, -27.0, -25.0002]]}, "TCL.6L5.B2": {"TCL.6L5.B2:SET_LD": [[1656249395.9238212, 1656249621.1368635, 1656249621.1368635, 1656251061.1997101, 1656251061.1997101, 1656251239.261834, 1656251239.261834, 1656254717.237629, 1656254717.237629, 1656263694.9981072, 1656263694.9981072, 1656263916.796247, 1656263916.796247], [27.0, 27.0, 24.9998, 24.9998, 27.0, 27.0, 24.9998, 24.9998, 24.9998, 24.9998, 27.0, 27.0, 24.9998]], "TCL.6L5.B2:SET_RD": [[1656249395.9238212, 1656249621.1368635, 1656249621.1368635, 1656251061.1997101, 1656251061.1997101, 1656251239.261834, 1656251239.261834, 1656254717.237629, 1656254717.237629, 1656263694.9981072, 1656263694.9981072, 1656263916.796247, 1656263916.796247], [-27.0, -27.0, -25.0002, -25.0002, -27.0, -27.0, -25.0002, -25.0002, -25.0002, -25.0002, -27.0, -27.0, -25.0002]]}}