{"TCTPH.4L5.B1": {"TCTPH.4L5.B1:SET_LD": [[1656461334.894495, 1656461558.970061, 1656461558.970061], [25.0, 25.0, 11.2315]], "TCTPH.4L5.B1:SET_RD": [[1656461334.894495, 1656461558.970061, 1656461558.970061], [-25.0, -25.0, -17.5016]]}, "TCTPV.4L5.B1": {"TCTPV.4L5.B1:SET_LD": [[1656461334.8529885, 1656461558.9542384, 1656461558.9542384], [25.0, 25.0, 9.9342]], "TCTPV.4L5.B1:SET_RD": [[1656461334.8529885, 1656461558.9542384, 1656461558.9542384], [-25.0, -25.0, -10.4444]]}, "TCL.4R5.B1": {"TCL.4R5.B1:SET_LD": [[1656461334.894495, 1656461558.970061, 1656461558.970061], [27.0, 27.0, 24.9998]], "TCL.4R5.B1:SET_RD": [[1656461334.894495, 1656461558.970061, 1656461558.970061], [-27.0, -27.0, -25.0002]]}, "TCL.5R5.B1": {"TCL.5R5.B1:SET_LD": [[1656461334.894495, 1656461558.970061, 1656461558.970061], [27.0, 27.0, 24.9998]], "TCL.5R5.B1:SET_RD": [[1656461334.894495, 1656461558.970061, 1656461558.970061], [-27.0, -27.0, -25.0002]]}, "TCL.6R5.B1": {"TCL.6R5.B1:SET_LD": [[1656461334.8529885, 1656461558.9542384, 1656461558.9542384], [27.0, 27.0, 24.9998]], "TCL.6R5.B1:SET_RD": [[1656461334.8529885, 1656461558.9542384, 1656461558.9542384], [-27.0, -27.0, -25.0002]]}, "TCTPH.4R5.B2": {"TCTPH.4R5.B2:SET_LD": [[1656461348.6638422, 1656461572.5543637, 1656461572.5543637], [25.0, 25.0, 17.0597]], "TCTPH.4R5.B2:SET_RD": [[1656461348.6638422, 1656461572.5543637, 1656461572.5543637], [-25.0, -25.0, -11.1898]]}, "TCTPV.4R5.B2": {"TCTPV.4R5.B2:SET_LD": [[1656461348.6638422, 1656461572.5543637, 1656461572.5543637], [25.0, 25.0, 10.1978]], "TCTPV.4R5.B2:SET_RD": [[1656461348.6638422, 1656461572.5543637, 1656461572.5543637], [-25.0, -25.0, -8.908]]}, "TCL.4L5.B2": {"TCL.4L5.B2:SET_LD": [[1656461348.6532385, 1656461572.5543637, 1656461572.5543637], [27.0, 27.0, 24.9998]], "TCL.4L5.B2:SET_RD": [[1656461348.6532385, 1656461572.5543637, 1656461572.5543637], [-27.0, -27.0, -25.0002]]}, "TCL.5L5.B2": {"TCL.5L5.B2:SET_LD": [[1656461348.6532385, 1656461572.5543637, 1656461572.5543637], [27.0, 27.0, 24.9998]], "TCL.5L5.B2:SET_RD": [[1656461348.6532385, 1656461572.5543637, 1656461572.5543637], [-27.0, -27.0, -25.0002]]}, "TCL.6L5.B2": {"TCL.6L5.B2:SET_LD": [[1656461348.674765, 1656461572.617458, 1656461572.617458], [27.0, 27.0, 24.9998]], "TCL.6L5.B2:SET_RD": [[1656461348.674765, 1656461572.617458, 1656461572.617458], [-27.0, -27.0, -25.0002]]}}