{"TCTPH.4L5.B1": {"TCTPH.4L5.B1:SET_LD": [[1656830656.299447, 1656830818.37854, 1656830818.37854, 1656847979.868711, 1656847979.868711, 1656848206.691313, 1656848206.691313], [25.0, 25.0, 11.2315, 11.2315, 25.0, 25.0, 11.2315]], "TCTPH.4L5.B1:SET_RD": [[1656830656.299447, 1656830818.37854, 1656830818.37854, 1656847979.868711, 1656847979.868711, 1656848206.691313, 1656848206.691313], [-25.0, -25.0, -17.5016, -17.5016, -25.0, -25.0, -17.5016]]}, "TCTPV.4L5.B1": {"TCTPV.4L5.B1:SET_LD": [[1656830656.2909884, 1656830818.2919886, 1656830818.2919886, 1656847979.817589, 1656847979.817589, 1656848206.680079, 1656848206.680079], [25.0, 25.0, 9.9342, 9.9342, 25.0, 25.0, 9.9342]], "TCTPV.4L5.B1:SET_RD": [[1656830656.2909884, 1656830818.2919886, 1656830818.2919886, 1656847979.817589, 1656847979.817589, 1656848206.680079, 1656848206.680079], [-25.0, -25.0, -10.4444, -10.4444, -25.0, -25.0, -10.4444]]}, "TCL.4R5.B1": {"TCL.4R5.B1:SET_LD": [[1656830656.299447, 1656830818.37854, 1656830818.37854, 1656844338.9686134, 1656844338.9686134, 1656847979.868711, 1656847979.868711, 1656848206.691313, 1656848206.691313], [27.0, 27.0, 24.9998, 24.9998, 12.4137, 12.4137, 27.0, 27.0, 24.9998]], "TCL.4R5.B1:SET_RD": [[1656830656.299447, 1656830818.37854, 1656830818.37854, 1656844338.9686134, 1656844338.9686134, 1656847979.868711, 1656847979.868711, 1656848206.691313, 1656848206.691313], [-27.0, -27.0, -25.0002, -25.0002, -10.6639, -10.6639, -27.0, -27.0, -25.0002]]}, "TCL.5R5.B1": {"TCL.5R5.B1:SET_LD": [[1656830656.299447, 1656830818.3766289, 1656830818.3766289, 1656837091.0274885, 1656837091.0274885, 1656838006.348223, 1656838006.348223, 1656838540.4655643, 1656838540.4655643, 1656838703.2824461, 1656838703.2824461, 1656840142.1448636, 1656840142.1448636, 1656844338.9686134, 1656844338.9686134, 1656844640.380599, 1656844640.380599, 1656847979.868711, 1656847979.868711, 1656848206.6902385, 1656848206.6902385], [27.0, 27.0, 24.9998, 24.9998, 13.8708, 13.8708, 5.4557, 5.4557, 13.87, 13.87, 13.8708, 13.8708, 13.8708, 13.8708, 5.4557, 5.4557, 13.8708, 13.8708, 27.0, 27.0, 24.9998]], "TCL.5R5.B1:SET_RD": [[1656830656.299447, 1656830818.3766289, 1656830818.3766289, 1656837091.0274885, 1656837091.0274885, 1656838006.348223, 1656838006.348223, 1656838540.4655643, 1656838540.4655643, 1656838703.2824461, 1656838703.2824461, 1656840142.1448636, 1656840142.1448636, 1656844338.9686134, 1656844338.9686134, 1656844640.380599, 1656844640.380599, 1656847979.868711, 1656847979.868711, 1656848206.6902385, 1656848206.6902385], [-27.0, -27.0, -25.0002, -25.0002, -14.4061, -14.4061, -5.9908, -5.9908, -14.405, -14.405, -14.4061, -14.4061, -14.4061, -14.4061, -5.9908, -5.9908, -14.4061, -14.4061, -27.0, -27.0, -25.0002]]}, "TCL.6R5.B1": {"TCL.6R5.B1:SET_LD": [[1656830656.2909884, 1656830818.2919886, 1656830818.2919886, 1656837091.829792, 1656837091.829792, 1656838107.9332385, 1656838107.9332385, 1656840142.782859, 1656840142.782859, 1656840273.114222, 1656840273.114222, 1656842188.662905, 1656842188.662905, 1656842254.588913, 1656842254.588913, 1656842298.5569885, 1656842298.5569885, 1656842329.0572383, 1656842329.0572383, 1656842398.268968, 1656842398.268968, 1656842472.342267, 1656842472.342267, 1656844231.1679885, 1656844231.1679885, 1656844641.0112748, 1656844641.0112748, 1656845125.1732385, 1656845125.1732385, 1656847979.817589, 1656847979.817589, 1656848206.680079, 1656848206.680079], [27.0, 27.0, 24.9998, 24.9998, 1.1399, 1.1399, 24.9998, 24.9998, 1.1399, 1.1399, 4.3399, 4.3399, 2.815, 2.815, 0.545, 0.545, 4.34, 4.34, 4.34, 4.34, 4.34, 4.34, 4.34, 4.34, 24.9998, 24.9998, 1.1399, 1.1399, 2.9974, 2.9974, 27.0, 27.0, 24.9998]], "TCL.6R5.B1:SET_RD": [[1656830656.2909884, 1656830818.2919886, 1656830818.2919886, 1656837091.829792, 1656837091.829792, 1656838107.9332385, 1656838107.9332385, 1656840142.782859, 1656840142.782859, 1656840273.114222, 1656840273.114222, 1656842188.662905, 1656842188.662905, 1656842254.588913, 1656842254.588913, 1656842298.5569885, 1656842298.5569885, 1656842329.0572383, 1656842329.0572383, 1656842398.268968, 1656842398.268968, 1656842472.342267, 1656842472.342267, 1656844231.1679885, 1656844231.1679885, 1656844641.0112748, 1656844641.0112748, 1656845125.1732385, 1656845125.1732385, 1656847979.817589, 1656847979.817589, 1656848206.680079, 1656848206.680079], [-27.0, -27.0, -25.0002, -25.0002, -0.95, -0.95, -25.0002, -25.0002, -0.95, -0.95, -4.15, -4.15, -4.15, -4.15, -4.15, -4.15, -4.15, -4.15, -3.015, -3.015, -0.32, -0.32, -4.15, -4.15, -25.0002, -25.0002, -0.95, -0.95, -2.8076, -2.8076, -27.0, -27.0, -25.0002]]}, "TCTPH.4R5.B2": {"TCTPH.4R5.B2:SET_LD": [[1656830668.181617, 1656830831.9162602, 1656830831.9162602, 1656847994.3206968, 1656847994.3206968, 1656848220.103147, 1656848220.103147], [25.0, 25.0, 17.0597, 17.0597, 25.0, 25.0, 17.0597]], "TCTPH.4R5.B2:SET_RD": [[1656830668.181617, 1656830831.9162602, 1656830831.9162602, 1656847994.3206968, 1656847994.3206968, 1656848220.103147, 1656848220.103147], [-25.0, -25.0, -11.1898, -11.1898, -25.0, -25.0, -11.1898]]}, "TCTPV.4R5.B2": {"TCTPV.4R5.B2:SET_LD": [[1656830668.181617, 1656830831.9707181, 1656830831.9707181, 1656847994.3206968, 1656847994.3206968, 1656848220.103147, 1656848220.103147], [25.0, 25.0, 10.1978, 10.1978, 25.0, 25.0, 10.1978]], "TCTPV.4R5.B2:SET_RD": [[1656830668.181617, 1656830831.9707181, 1656830831.9707181, 1656847994.3206968, 1656847994.3206968, 1656848220.103147, 1656848220.103147], [-25.0, -25.0, -8.908, -8.908, -25.0, -25.0, -8.908]]}, "TCL.4L5.B2": {"TCL.4L5.B2:SET_LD": [[1656830668.1613941, 1656830831.973989, 1656830831.973989, 1656844338.9686134, 1656844338.9686134, 1656847994.2984722, 1656847994.2984722, 1656848220.103147, 1656848220.103147], [27.0, 27.0, 24.9998, 24.9998, 11.4812, 11.4812, 27.0, 27.0, 24.9998]], "TCL.4L5.B2:SET_RD": [[1656830668.1613941, 1656830831.973989, 1656830831.973989, 1656844338.9686134, 1656844338.9686134, 1656847994.2984722, 1656847994.2984722, 1656848220.103147, 1656848220.103147], [-27.0, -27.0, -25.0002, -25.0002, -11.5964, -11.5964, -27.0, -27.0, -25.0002]]}, "TCL.5L5.B2": {"TCL.5L5.B2:SET_LD": [[1656830668.1613941, 1656830831.9707181, 1656830831.9707181, 1656837091.4274886, 1656837091.4274886, 1656838006.348223, 1656838006.348223, 1656838703.2824461, 1656838703.2824461, 1656840142.470131, 1656840142.470131, 1656844338.9686134, 1656844338.9686134, 1656844640.7008781, 1656844640.7008781, 1656847994.2984722, 1656847994.2984722, 1656848220.103147, 1656848220.103147], [27.0, 27.0, 24.9998, 24.9998, 14.08, 14.08, 5.7353, 5.7353, 14.08, 14.08, 14.08, 14.08, 5.7353, 5.7353, 14.08, 14.08, 27.0, 27.0, 24.9998]], "TCL.5L5.B2:SET_RD": [[1656830668.1613941, 1656830831.9707181, 1656830831.9707181, 1656837091.4274886, 1656837091.4274886, 1656838006.348223, 1656838006.348223, 1656838703.2824461, 1656838703.2824461, 1656840142.470131, 1656840142.470131, 1656844338.9686134, 1656844338.9686134, 1656844640.7008781, 1656844640.7008781, 1656847994.2984722, 1656847994.2984722, 1656848220.103147, 1656848220.103147], [-27.0, -27.0, -25.0002, -25.0002, -13.9603, -13.9603, -5.6154, -5.6154, -13.9603, -13.9603, -13.9603, -13.9603, -5.6154, -5.6154, -13.9603, -13.9603, -27.0, -27.0, -25.0002]]},