{"TCTPH.4L5.B1": {"TCTPH.4L5.B1:SET_LD": [[1660391293.102094, 1660391520.533245, 1660391520.533245, 1660401762.5532384, 1660401762.5532384, 1660402118.9552383, 1660402118.9552383, 1660403094.708492, 1660403094.708492], [25.0, 25.0, 11.2315, 11.2315, 6.82, 6.82, 6.815, 6.815, 6.82]], "TCTPH.4L5.B1:SET_RD": [[1660391293.102094, 1660391520.533245, 1660391520.533245, 1660401762.5532384, 1660401762.5532384, 1660402118.9552383, 1660402118.9552383, 1660403094.708492, 1660403094.708492], [-25.0, -25.0, -17.5016, -17.5016, -11.905, -11.905, -11.91, -11.91, -11.905]]}, "TCTPV.4L5.B1": {"TCTPV.4L5.B1:SET_LD": [[1660391293.020895, 1660391520.514543, 1660391520.514543], [25.0, 25.0, 9.9342]], "TCTPV.4L5.B1:SET_RD": [[1660391293.020895, 1660391520.514543, 1660391520.514543], [-25.0, -25.0, -10.4444]]}, "TCL.4R5.B1": {"TCL.4R5.B1:SET_LD": [[1660391293.0912385, 1660391520.548769, 1660391520.548769, 1660401762.5532384, 1660401762.5532384, 1660402002.683232, 1660402002.683232, 1660403094.708492, 1660403094.708492], [27.0, 27.0, 24.9998, 24.9998, 12.415, 12.415, 12.41, 12.41, 12.415]], "TCL.4R5.B1:SET_RD": [[1660391293.0912385, 1660391520.548769, 1660391520.548769, 1660401762.5532384, 1660401762.5532384, 1660402002.683232, 1660402002.683232, 1660403094.708492, 1660403094.708492], [-27.0, -27.0, -25.0002, -25.0002, -10.665, -10.665, -10.67, -10.67, -10.665]]}, "TCL.5R5.B1": {"TCL.5R5.B1:SET_LD": [[1660391293.0862384, 1660391520.533245, 1660391520.533245, 1660401512.8041022, 1660401512.8041022], [27.0, 27.0, 24.9998, 24.9998, 13.8708]], "TCL.5R5.B1:SET_RD": [[1660391293.0862384, 1660391520.533245, 1660391520.533245, 1660401512.8041022, 1660401512.8041022], [-27.0, -27.0, -25.0002, -25.0002, -14.4061]]}, "TCL.6R5.B1": {"TCL.6R5.B1:SET_LD": [[1660391293.083595, 1660391520.533245, 1660391520.533245, 1660401513.470107, 1660401513.470107], [27.0, 27.0, 24.9998, 24.9998, 1.1399]], "TCL.6R5.B1:SET_RD": [[1660391293.083595, 1660391520.533245, 1660391520.533245, 1660401513.470107, 1660401513.470107], [-27.0, -27.0, -25.0002, -25.0002, -0.95]]}, "TCTPH.4R5.B2": {"TCTPH.4R5.B2:SET_LD": [[1660391307.183453, 1660391533.6679862, 1660391533.6679862, 1660401762.5532384, 1660401762.5532384, 1660402118.9552383, 1660402118.9552383, 1660403094.708492, 1660403094.708492], [25.0, 25.0, 17.0597, 17.0597, 11.325, 11.325, 11.32, 11.32, 11.325]], "TCTPH.4R5.B2:SET_RD": [[1660391307.183453, 1660391533.6679862, 1660391533.6679862, 1660401762.5532384, 1660401762.5532384, 1660402118.9552383, 1660402118.9552383, 1660403094.708492, 1660403094.708492], [-25.0, -25.0, -11.1898, -11.1898, -7.4, -7.4, -7.405, -7.405, -7.4]]}, "TCTPV.4R5.B2": {"TCTPV.4R5.B2:SET_LD": [[1660391307.13545, 1660391533.6679862, 1660391533.6679862, 1660401762.5532384, 1660401762.5532384], [25.0, 25.0, 10.1978, 10.1978, 6.49]], "TCTPV.4R5.B2:SET_RD": [[1660391307.13545, 1660391533.6679862, 1660391533.6679862, 1660401762.5532384, 1660401762.5532384], [-25.0, -25.0, -8.908, -8.908, -5.895]]}, "TCL.4L5.B2": {"TCL.4L5.B2:SET_LD": [[1660391307.13545, 1660391533.6874886, 1660391533.6874886, 1660401762.5532384, 1660401762.5532384, 1660402002.683232, 1660402002.683232, 1660403094.708492, 1660403094.708492], [27.0, 27.0, 24.9998, 24.9998, 11.48, 11.48, 11.475, 11.475, 11.48]], "TCL.4L5.B2:SET_RD": [[1660391307.13545, 1660391533.6874886, 1660391533.6874886, 1660401762.5532384, 1660401762.5532384, 1660402002.683232, 1660402002.683232, 1660403094.708492, 1660403094.708492], [-27.0, -27.0, -25.0002, -25.0002, -11.595, -11.595, -11.6, -11.6, -11.595]]}, "TCL.5L5.B2": {"TCL.5L5.B2:SET_LD": [[1660391307.13545, 1660391533.6679862, 1660391533.6679862, 1660401513.1516135, 1660401513.1516135], [27.0, 27.0, 24.9998, 24.9998, 14.08]], "TCL.5L5.B2:SET_RD": [[1660391307.13545, 1660391533.6679862, 1660391533.6679862, 1660401513.1516135, 1660401513.1516135], [-27.0, -27.0, -25.0002, -25.0002, -13.9603]]}, "TCL.6L5.B2": {"TCL.6L5.B2:SET_LD": [[1660391307.1862385, 1660391533.6874886, 1660391533.6874886, 1660401513.796793, 1660401513.796793], [27.0, 27.0, 24.9998, 24.9998, 1.1176]], "TCL.6L5.B2:SET_RD": [[1660391307.1862385, 1660391533.6874886, 1660391533.6874886, 1660401513.796793, 1660401513.796793], [-27.0, -27.0, -25.0002, -25.0002, -0.9827]]}}