{"TCTPH.4L5.B1": {"TCTPH.4L5.B1:SET_LD": [[1659750465.906747, 1659750691.1477082, 1659750691.1477082, 1659758423.052699, 1659758423.052699], [25.0, 25.0, 11.2315, 11.2315, 6.82]], "TCTPH.4L5.B1:SET_RD": [[1659750465.906747, 1659750691.1477082, 1659750691.1477082, 1659758423.052699, 1659758423.052699], [-25.0, -25.0, -17.5016, -17.5016, -11.905]]}, "TCTPV.4L5.B1": {"TCTPV.4L5.B1:SET_LD": [[1659750465.8803637, 1659750691.112044, 1659750691.112044, 1659758423.052699, 1659758423.052699, 1659759288.8317387, 1659759288.8317387], [25.0, 25.0, 9.9342, 9.9342, 6.24, 6.24, 6.245]], "TCTPV.4L5.B1:SET_RD": [[1659750465.8803637, 1659750691.112044, 1659750691.112044, 1659758423.052699, 1659758423.052699, 1659759288.8317387, 1659759288.8317387], [-25.0, -25.0, -10.4444, -10.4444, -6.145, -6.145, -6.14]]}, "TCL.4R5.B1": {"TCL.4R5.B1:SET_LD": [[1659750465.9001522, 1659750691.161635, 1659750691.161635, 1659758423.052699, 1659758423.052699, 1659759028.694548, 1659759028.694548], [27.0, 27.0, 24.9998, 24.9998, 12.415, 12.415, 12.41]], "TCL.4R5.B1:SET_RD": [[1659750465.9001522, 1659750691.161635, 1659750691.161635, 1659758423.052699, 1659758423.052699, 1659759028.694548, 1659759028.694548], [-27.0, -27.0, -25.0002, -25.0002, -10.665, -10.665, -10.67]]}, "TCL.5R5.B1": {"TCL.5R5.B1:SET_LD": [[1659750465.895761, 1659750691.1477082, 1659750691.1477082, 1659758169.068092, 1659758169.068092, 1659758423.052699, 1659758423.052699], [27.0, 27.0, 24.9998, 24.9998, 13.8708, 13.8708, 13.87]], "TCL.5R5.B1:SET_RD": [[1659750465.895761, 1659750691.1477082, 1659750691.1477082, 1659758169.068092, 1659758169.068092, 1659758423.052699, 1659758423.052699], [-27.0, -27.0, -25.0002, -25.0002, -14.4061, -14.4061, -14.405]]}, "TCL.6R5.B1": {"TCL.6R5.B1:SET_LD": [[1659750465.895761, 1659750691.1477082, 1659750691.1477082, 1659758169.77933, 1659758169.77933], [27.0, 27.0, 24.9998, 24.9998, 1.1399]], "TCL.6R5.B1:SET_RD": [[1659750465.895761, 1659750691.1477082, 1659750691.1477082, 1659758169.77933, 1659758169.77933], [-27.0, -27.0, -25.0002, -25.0002, -0.95]]}, "TCTPH.4R5.B2": {"TCTPH.4R5.B2:SET_LD": [[1659750480.0505419, 1659750704.540281, 1659750704.540281, 1659750748.6180701, 1659750748.6180701, 1659758423.1013231, 1659758423.1013231, 1659759028.694548, 1659759028.694548], [25.0, 25.0, 17.0597, 17.0597, 17.0597, 17.0597, 11.325, 11.325, 11.32]], "TCTPH.4R5.B2:SET_RD": [[1659750480.0505419, 1659750704.540281, 1659750704.540281, 1659750748.6180701, 1659750748.6180701, 1659758423.1013231, 1659758423.1013231, 1659759028.694548, 1659759028.694548], [-25.0, -25.0, -11.1898, -11.1898, -11.1898, -11.1898, -7.4, -7.4, -7.405]]}, "TCTPV.4R5.B2": {"TCTPV.4R5.B2:SET_LD": [[1659750479.9804885, 1659750704.540281, 1659750704.540281, 1659750748.6180701, 1659750748.6180701], [25.0, 25.0, 10.1978, 10.1978, 10.1978]], "TCTPV.4R5.B2:SET_RD": [[1659750479.9804885, 1659750704.540281, 1659750704.540281, 1659750748.6180701, 1659750748.6180701], [-25.0, -25.0, -8.908, -8.908, -8.908]]}, "TCL.4L5.B2": {"TCL.4L5.B2:SET_LD": [[1659750479.9804885, 1659750704.543842, 1659750704.543842, 1659750748.630687, 1659750748.630687, 1659758423.052699, 1659758423.052699], [27.0, 27.0, 24.9998, 24.9998, 24.9998, 24.9998, 11.48]], "TCL.4L5.B2:SET_RD": [[1659750479.9804885, 1659750704.543842, 1659750704.543842, 1659750748.630687, 1659750748.630687, 1659758423.052699, 1659758423.052699], [-27.0, -27.0, -25.0002, -25.0002, -25.0002, -25.0002, -11.595]]}, "TCL.5L5.B2": {"TCL.5L5.B2:SET_LD": [[1659750479.9804885, 1659750704.533391, 1659750704.533391, 1659750748.5819886, 1659750748.5819886, 1659758169.4469981, 1659758169.4469981, 1659758423.052699, 1659758423.052699, 1659759028.694548, 1659759028.694548], [27.0, 27.0, 24.9998, 24.9998, 24.9998, 24.9998, 14.08, 14.08, 14.08, 14.08, 14.075]], "TCL.5L5.B2:SET_RD": [[1659750479.9804885, 1659750704.533391, 1659750704.533391, 1659750748.5819886, 1659750748.5819886, 1659758169.4469981, 1659758169.4469981, 1659758423.052699, 1659758423.052699, 1659759028.694548, 1659759028.694548], [-27.0, -27.0, -25.0002, -25.0002, -25.0002, -25.0002, -13.9603, -13.9603, -13.96, -13.96, -13.965]]}, "TCL.6L5.B2": {"TCL.6L5.B2:SET_LD": [[1659750480.053488, 1659750704.548268, 1659750704.548268, 1659750748.630687, 1659750748.630687, 1659758170.1252384, 1659758170.1252384], [27.0, 27.0, 24.9998, 24.9998, 24.9998, 24.9998, 1.1176]], "TCL.6L5.B2:SET_RD": [[1659750480.053488, 1659750704.548268, 1659750704.548268, 1659750748.630687, 1659750748.630687, 1659758170.1252384, 1659758170.1252384], [-27.0, -27.0, -25.0002, -25.0002, -25.0002, -25.0002, -0.9827]]}}