{"TCTPH.4L5.B1": {"TCTPH.4L5.B1:SET_LD": [[1658108503.755897, 1658108503.755897, 1658112042.355891, 1658112042.355891, 1658112267.753185, 1658112267.753185, 1658124395.2927387], [6.82, 25.0, 25.0, 11.2315, 11.2315, 6.82, 6.82]], "TCTPH.4L5.B1:SET_LU": [[1658108503.755897, 1658108503.755897, 1658112042.355891, 1658112042.355891, 1658112267.753185, 1658112267.753185, 1658124395.2927387], [6.82, 25.0, 25.0, 11.2316, 11.2316, 6.82, 6.82]], "TCTPH.4L5.B1:SET_RD": [[1658108503.755897, 1658108503.755897, 1658112042.355891, 1658112042.355891, 1658112267.753185, 1658112267.753185, 1658124395.2927387], [-11.905, -25.0, -25.0, -17.5016, -17.5016, -11.905, -11.905]], "TCTPH.4L5.B1:SET_RU": [[1658108503.755897, 1658108503.755897, 1658112042.355891, 1658112042.355891, 1658112267.753185, 1658112267.753185, 1658124395.2927387], [-11.905, -25.0, -25.0, -17.5015, -17.5015, -11.905, -11.905]]}, "TCTPV.4L5.B1": {"TCTPV.4L5.B1:SET_LD": [[1658112042.332987, 1658112042.332987, 1658112267.7264886, 1658112267.7264886, 1658124395.2957387], [25.0, 9.9342, 9.9342, 6.24, 6.24]], "TCTPV.4L5.B1:SET_LU": [[1658112042.332987, 1658112042.332987, 1658112267.7264886, 1658112267.7264886, 1658124395.2957387], [25.0, 9.9344, 9.9344, 6.24, 6.24]], "TCTPV.4L5.B1:SET_RD": [[1658112042.332987, 1658112042.332987, 1658112267.7264886, 1658112267.7264886, 1658124395.2957387], [-25.0, -10.4444, -10.4444, -6.145, -6.145]], "TCTPV.4L5.B1:SET_RU": [[1658112042.332987, 1658112042.332987, 1658112267.7264886, 1658112267.7264886, 1658124395.2957387], [-25.0, -10.4442, -10.4442, -6.145, -6.145]]}, "TCL.4R5.B1": {"TCL.4R5.B1:SET_LD": [[1658108503.755897, 1658108503.755897, 1658112042.332987, 1658112042.332987, 1658112267.7656782, 1658112267.7656782, 1658124395.2957387, 1658124395.2957387, 1658128361.5183637], [12.415, 27.0, 27.0, 24.9998, 24.9998, 12.415, 12.415, 12.41, 12.41]], "TCL.4R5.B1:SET_LU": [[1658108503.755897, 1658108503.755897, 1658112042.332987, 1658112042.332987, 1658112267.7656782, 1658112267.7656782, 1658124395.2957387, 1658124395.2957387, 1658128361.5183637], [12.415, 27.0, 27.0, 25.0002, 25.0002, 12.415, 12.415, 12.41, 12.41]], "TCL.4R5.B1:SET_RD": [[1658108503.755897, 1658108503.755897, 1658112042.332987, 1658112042.332987, 1658112267.7656782, 1658112267.7656782, 1658124395.2957387, 1658124395.2957387, 1658128361.5183637], [-10.665, -27.0, -27.0, -25.0002, -25.0002, -10.665, -10.665, -10.67, -10.67]], "TCL.4R5.B1:SET_RU": [[1658108503.755897, 1658108503.755897, 1658112042.332987, 1658112042.332987, 1658112267.7656782, 1658112267.7656782, 1658124395.2957387, 1658124395.2957387, 1658128361.5183637], [-10.665, -27.0, -27.0, -24.9998, -24.9998, -10.665, -10.665, -10.67, -10.67]]}, "TCL.5R5.B1": {"TCL.5R5.B1:SET_LD": [[1658112042.332987, 1658112042.332987, 1658112267.759342, 1658112267.759342, 1658121220.9986622], [27.0, 24.9998, 24.9998, 13.8708, 13.8708]], "TCL.5R5.B1:SET_LU": [[1658112042.332987, 1658112042.332987, 1658112267.759342, 1658112267.759342, 1658121220.9986622], [27.0, 25.0002, 25.0002, 13.8711, 13.8711]], "TCL.5R5.B1:SET_RD": [[1658112042.332987, 1658112042.332987, 1658112267.759342, 1658112267.759342, 1658121220.9986622], [-27.0, -25.0002, -25.0002, -14.4061, -14.4061]], "TCL.5R5.B1:SET_RU": [[1658112042.332987, 1658112042.332987, 1658112267.759342, 1658112267.759342, 1658121220.9986622], [-27.0, -24.9998, -24.9998, -14.4058, -14.4058]]}, "TCL.6R5.B1": {"TCL.6R5.B1:SET_LD": [[1658112042.332987, 1658112042.332987, 1658112267.753185, 1658112267.753185, 1658121221.9166532], [27.0, 24.9998, 24.9998, 1.1399, 1.1399]], "TCL.6R5.B1:SET_LU": [[1658112042.332987, 1658112042.332987, 1658112267.753185, 1658112267.753185, 1658121221.9166532], [27.0, 25.0002, 25.0002, 1.14, 1.14]], "TCL.6R5.B1:SET_RD": [[1658112042.332987, 1658112042.332987, 1658112267.753185, 1658112267.753185, 1658121221.9166532], [-27.0, -25.0002, -25.0002, -0.95, -0.95]], "TCL.6R5.B1:SET_RU": [[1658112042.332987, 1658112042.332987, 1658112267.753185, 1658112267.753185, 1658121221.9166532], [-27.0, -24.9998, -24.9998, -0.9499, -0.9499]]}, "TCTPH.4R5.B2": {"TCTPH.4R5.B2:SET_LD": [[1658108503.755897, 1658108503.755897, 1658112056.50775, 1658112056.50775, 1658112280.9266136, 1658112280.9266136, 1658124395.2957387], [11.325, 25.0, 25.0, 17.0597, 17.0597, 11.325, 11.325]], "TCTPH.4R5.B2:SET_LU": [[1658108503.755897, 1658108503.755897, 1658112056.50775, 1658112056.50775, 1658112280.9266136, 1658112280.9266136, 1658124395.2957387], [11.325, 25.0, 25.0, 17.0598, 17.0598, 11.325, 11.325]], "TCTPH.4R5.B2:SET_RD": [[1658108503.755897, 1658108503.755897, 1658112056.50775, 1658112056.50775, 1658112280.9266136, 1658112280.9266136, 1658124395.2957387], [-7.4, -25.0, -25.0, -11.1898, -11.1898, -7.4, -7.4]], "TCTPH.4R5.B2:SET_RU": [[1658108503.755897, 1658108503.755897, 1658112056.50775, 1658112056.50775, 1658112280.9266136, 1658112280.9266136, 1658124395.2957387], [-7.4, -25.0, -25.0, -11.1897, -11.1897, -7.4, -7.4]]}, "TCL.4L5.B2": {"TCL.4L5.B2:SET_LD": [[1658108503.755897, 1658108503.755897, 1658112056.471853, 1658112056.471853, 1658112280.988643, 1658112280.988643, 1658124395.2947388, 1658124395.2947388, 1658128361.5183637], [11.48, 27.0, 27.0, 24.9998, 24.9998, 11.48, 11.48, 11.475, 11.475]], "TCL.4L5.B2:SET_LU": [[1658108503.755897, 1658108503.755897, 1658112056.471853, 1658112056.471853, 1658112280.988643, 1658112280.988643, 1658124395.2947388, 1658124395.2947388, 1658128361.5183637], [11.48, 27.0, 27.0, 25.0002, 25.0002, 11.48, 11.48, 11.475, 11.475]], "TCL.4L5.B2:SET_RD": [[1658108503.755897, 1658108503.755897, 1658112056.471853, 1658112056.471853, 1658112280.988643, 1658112280.988643, 1658124395.2947388, 1658124395.2947388, 1658128361.5183637], [-11.595, -27.0, -27.0, -25.0002, -25.0002, -11.595, -11.595, -11.6, -11.6]], "TCL.4L5.B2:SET_RU": [[1658108503.755897, 1658108503.755897, 1658112056.471853, 1658112056.471853, 1658112280.988643, 1658112280.988643, 1658124395.2947388, 1658124395.2947388, 1658128361.5183637], [-11.595, -27.0, -27.0, -24.9998, -24.9998, -11.595, -11.595, -11.6, -11.6]]}, "TCL.5L5.B2": {"TCL.5L5.B2:SET_LD": [[1658112056.5022962, 1658112056.5022962, 1658112280.9266136, 1658112280.9266136, 1658121221.489181], [27.0, 24.9998, 24.9998, 14.08, 14.08]], "TCL.5L5.B2:SET_LU": [[1658112056.5022962, 1658112056.5022962, 1658112280.9266136, 1658112280.9266136, 1658121221.489181], [27.0, 25.0002, 25.0002, 14.0803, 14.0803]], "TCL.5L5.B2:SET_RD": [[1658112056.5022962, 1658112056.5022962, 1658112280.9266136, 1658112280.9266136, 1658121221.489181], [-27.0, -25.0002, -25.0002, -13.9603, -13.9603]], "TCL.5L5.B2:SET_RU": [[1658112056.5022962, 1658112056.5022962, 1658112280.9266136, 1658112280.9266136, 1658121221.489181], [-27.0, -24.9998, -24.9998, -13.96, -13.96]]}, "TCL.6L5.B2": {"TCL.6L5.B2:SET_LD": [[1658112056.50775, 1658112056.50775, 1658112280.9912279, 1658112280.9912279, 1658121222.329645], [27.0, 24.9998, 24.9998, 1.1176, 1.1176]], "TCL.6L5.B2:SET_LU": [[1658112056.50775, 1658112056.50775, 1658112280.9912279, 1658112280.9912279, 1658121222.329645], [27.0, 25.0002, 25.0002, 1.1177, 1.1177]], "TCL.6L5.B2:SET_RD": [[1658112056.50775, 1658112056.50775, 1658112280.9912279, 1658112280.9912279, 1658121222.329645], [-27.0, -25.0002, -25.0002, -0.9827, -0.9827]], "TCL.6L5.B2:SET_RU": [[1658112056.50775, 1658112056.50775, 1658112280.9912279, 1658112280.9912279, 1658121222.329645], [-27.0, -24.9998, -24.9998, -0.9826, -0.9826]]}}