{"TCTPH.4L5.B1": {"TCTPH.4L5.B1:SET_LD": [[1659642234.1966772, 1659642580.4462385, 1659642580.4462385, 1659643669.7524886, 1659643669.7524886, 1659647773.394094, 1659647773.394094, 1659648003.23564, 1659648003.23564], [6.82, 6.82, 6.815, 6.815, 6.82, 6.82, 25.0, 25.0, 11.2315]], "TCTPH.4L5.B1:SET_RD": [[1659642234.1966772, 1659642580.4462385, 1659642580.4462385, 1659643669.7524886, 1659643669.7524886, 1659647773.394094, 1659647773.394094, 1659648003.23564, 1659648003.23564], [-11.905, -11.905, -11.91, -11.91, -11.905, -11.905, -25.0, -25.0, -17.5016]]}, "TCTPV.4L5.B1": {"TCTPV.4L5.B1:SET_LD": [[1659647773.3764884, 1659648003.211269, 1659648003.211269], [25.0, 25.0, 9.9342]], "TCTPV.4L5.B1:SET_RD": [[1659647773.3764884, 1659648003.211269, 1659648003.211269], [-25.0, -25.0, -10.4444]]}, "TCL.4R5.B1": {"TCL.4R5.B1:SET_LD": [[1659642234.185567, 1659642466.0454886, 1659642466.0454886, 1659643669.7524886, 1659643669.7524886, 1659647773.386219, 1659647773.386219, 1659648003.247729, 1659648003.247729], [12.415, 12.415, 12.41, 12.41, 12.415, 12.415, 27.0, 27.0, 24.9998]], "TCL.4R5.B1:SET_RD": [[1659642234.185567, 1659642466.0454886, 1659642466.0454886, 1659643669.7524886, 1659643669.7524886, 1659647773.386219, 1659647773.386219, 1659648003.247729, 1659648003.247729], [-10.665, -10.665, -10.67, -10.67, -10.665, -10.665, -27.0, -27.0, -25.0002]]}, "TCL.5R5.B1": {"TCL.5R5.B1:SET_LD": [[1659641766.559378, 1659642234.1966772, 1659642234.1966772, 1659647773.3764884, 1659647773.3764884, 1659648003.23564, 1659648003.23564], [13.8708, 13.8708, 13.87, 13.87, 27.0, 27.0, 24.9998]], "TCL.5R5.B1:SET_RD": [[1659641766.559378, 1659642234.1966772, 1659642234.1966772, 1659647773.3764884, 1659647773.3764884, 1659648003.23564, 1659648003.23564], [-14.4061, -14.4061, -14.405, -14.405, -27.0, -27.0, -25.0002]]}, "TCL.6R5.B1": {"TCL.6R5.B1:SET_LD": [[1659641767.2643418, 1659647773.3764884, 1659647773.3764884, 1659648003.23564, 1659648003.23564], [1.1399, 1.1399, 27.0, 27.0, 24.9998]], "TCL.6R5.B1:SET_RD": [[1659641767.2643418, 1659647773.3764884, 1659647773.3764884, 1659648003.23564, 1659648003.23564], [-0.95, -0.95, -27.0, -27.0, -25.0002]]}, "TCTPH.4R5.B2": {"TCTPH.4R5.B2:SET_LD": [[1659642234.201247, 1659642580.4462385, 1659642580.4462385, 1659643669.7524886, 1659643669.7524886, 1659647787.545824, 1659647787.545824, 1659648019.1769886, 1659648019.1769886], [11.325, 11.325, 11.32, 11.32, 11.325, 11.325, 25.0, 25.0, 17.0597]], "TCTPH.4R5.B2:SET_RD": [[1659642234.201247, 1659642580.4462385, 1659642580.4462385, 1659643669.7524886, 1659643669.7524886, 1659647787.545824, 1659647787.545824, 1659648019.1769886, 1659648019.1769886], [-7.4, -7.4, -7.405, -7.405, -7.4, -7.4, -25.0, -25.0, -11.1898]]}, "TCTPV.4R5.B2": {"TCTPV.4R5.B2:SET_LD": [[1659643669.7524886, 1659647787.5080442, 1659647787.5080442, 1659648019.1779885, 1659648019.1779885], [6.49, 6.49, 25.0, 25.0, 10.1978]], "TCTPV.4R5.B2:SET_RD": [[1659643669.7524886, 1659647787.5080442, 1659647787.5080442, 1659648019.1779885, 1659648019.1779885], [-5.895, -5.895, -25.0, -25.0, -8.908]]}, "TCL.4L5.B2": {"TCL.4L5.B2:SET_LD": [[1659642234.185567, 1659642466.0454886, 1659642466.0454886, 1659643669.7524886, 1659643669.7524886, 1659647787.5080442, 1659647787.5080442, 1659648019.184837, 1659648019.184837], [11.48, 11.48, 11.475, 11.475, 11.48, 11.48, 27.0, 27.0, 24.9998]], "TCL.4L5.B2:SET_RD": [[1659642234.185567, 1659642466.0454886, 1659642466.0454886, 1659643669.7524886, 1659643669.7524886, 1659647787.5080442, 1659647787.5080442, 1659648019.184837, 1659648019.184837], [-11.595, -11.595, -11.6, -11.6, -11.595, -11.595, -27.0, -27.0, -25.0002]]}, "TCL.5L5.B2": {"TCL.5L5.B2:SET_LD": [[1659641766.90383, 1659642234.1966772, 1659642234.1966772, 1659642580.4462385, 1659642580.4462385, 1659643669.7524886, 1659643669.7524886, 1659647787.5080442, 1659647787.5080442, 1659648019.1444461, 1659648019.1444461], [14.08, 14.08, 14.08, 14.08, 14.075, 14.075, 14.08, 14.08, 27.0, 27.0, 24.9998]], "TCL.5L5.B2:SET_RD": [[1659641766.90383, 1659642234.1966772, 1659642234.1966772, 1659642580.4462385, 1659642580.4462385, 1659643669.7524886, 1659643669.7524886, 1659647787.5080442, 1659647787.5080442, 1659648019.1444461, 1659648019.1444461], [-13.9603, -13.9603, -13.96, -13.96, -13.965, -13.965, -13.96, -13.96, -27.0, -27.0, -25.0002]]}, "TCL.6L5.B2": {"TCL.6L5.B2:SET_LD": [[1659641767.599169, 1659647787.547634, 1659647787.547634, 1659648019.184837, 1659648019.184837], [1.1176, 1.1176, 27.0, 27.0, 24.9998]], "TCL.6L5.B2:SET_RD": [[1659641767.599169, 1659647787.547634, 1659647787.547634, 1659648019.184837, 1659648019.184837], [-0.9827, -0.9827, -27.0, -27.0, -25.0002]]}}