{"TCTPH.4L5.B1": {"TCTPH.4L5.B1:SET_LD": [[1660008618.887386, 1660008847.40241, 1660008847.40241, 1660014629.78381, 1660014629.78381, 1660015121.0178635, 1660015121.0178635, 1660019508.5428636, 1660019508.5428636], [25.0, 25.0, 11.2315, 11.2315, 6.82, 6.82, 6.815, 6.815, 6.82]], "TCTPH.4L5.B1:SET_RD": [[1660008618.887386, 1660008847.40241, 1660008847.40241, 1660014629.78381, 1660014629.78381, 1660015121.0178635, 1660015121.0178635, 1660019508.5428636, 1660019508.5428636], [-25.0, -25.0, -17.5016, -17.5016, -11.905, -11.905, -11.91, -11.91, -11.905]]}, "TCTPV.4L5.B1": {"TCTPV.4L5.B1:SET_LD": [[1660008618.856783, 1660008847.3822384, 1660008847.3822384], [25.0, 25.0, 9.9342]], "TCTPV.4L5.B1:SET_RD": [[1660008618.856783, 1660008847.3822384, 1660008847.3822384], [-25.0, -25.0, -10.4444]]}, "TCL.4R5.B1": {"TCL.4R5.B1:SET_LD": [[1660008618.878027, 1660008847.414431, 1660008847.414431, 1660014629.78381, 1660014629.78381, 1660015018.0173635, 1660015018.0173635, 1660019508.5428636, 1660019508.5428636], [27.0, 27.0, 24.9998, 24.9998, 12.415, 12.415, 12.41, 12.41, 12.415]], "TCL.4R5.B1:SET_RD": [[1660008618.878027, 1660008847.414431, 1660008847.414431, 1660014629.78381, 1660014629.78381, 1660015018.0173635, 1660015018.0173635, 1660019508.5428636, 1660019508.5428636], [-27.0, -27.0, -25.0002, -25.0002, -10.665, -10.665, -10.67, -10.67, -10.665]]}, "TCL.5R5.B1": {"TCL.5R5.B1:SET_LD": [[1660008618.856783, 1660008847.4097888, 1660008847.4097888, 1660043897.6758635, 1660043897.6758635], [27.0, 27.0, 24.9998, 24.9998, 13.8708]], "TCL.5R5.B1:SET_RD": [[1660008618.856783, 1660008847.4097888, 1660008847.4097888, 1660043897.6758635, 1660043897.6758635], [-27.0, -27.0, -25.0002, -25.0002, -14.4061]]}, "TCL.6R5.B1": {"TCL.6R5.B1:SET_LD": [[1660008618.856783, 1660008847.40241, 1660008847.40241, 1660043899.64164, 1660043899.64164], [27.0, 27.0, 24.9998, 24.9998, 1.1399]], "TCL.6R5.B1:SET_RD": [[1660008618.856783, 1660008847.40241, 1660008847.40241, 1660043899.64164, 1660043899.64164], [-27.0, -27.0, -25.0002, -25.0002, -0.95]]}, "TCTPH.4R5.B2": {"TCTPH.4R5.B2:SET_LD": [[1660008633.008337, 1660008862.606678, 1660008862.606678, 1660014629.78381, 1660014629.78381, 1660015121.0178635, 1660015121.0178635, 1660019508.5428636, 1660019508.5428636], [25.0, 25.0, 17.0597, 17.0597, 11.325, 11.325, 11.32, 11.32, 11.325]], "TCTPH.4R5.B2:SET_RD": [[1660008633.008337, 1660008862.606678, 1660008862.606678, 1660014629.78381, 1660014629.78381, 1660015121.0178635, 1660015121.0178635, 1660019508.5428636, 1660019508.5428636], [-25.0, -25.0, -11.1898, -11.1898, -7.4, -7.4, -7.405, -7.405, -7.4]]}, "TCTPV.4R5.B2": {"TCTPV.4R5.B2:SET_LD": [[1660008632.9809885, 1660008862.609143, 1660008862.609143, 1660014737.786384, 1660014737.786384], [25.0, 25.0, 10.1978, 10.1978, 6.49]], "TCTPV.4R5.B2:SET_RD": [[1660008632.9809885, 1660008862.609143, 1660008862.609143, 1660014737.786384, 1660014737.786384], [-25.0, -25.0, -8.908, -8.908, -5.895]]}, "TCL.4L5.B2": {"TCL.4L5.B2:SET_LD": [[1660008632.9809885, 1660008862.616067, 1660008862.616067, 1660014629.78381, 1660014629.78381, 1660015018.0173635, 1660015018.0173635, 1660019508.5428636, 1660019508.5428636], [27.0, 27.0, 24.9998, 24.9998, 11.48, 11.48, 11.475, 11.475, 11.48]], "TCL.4L5.B2:SET_RD": [[1660008632.9809885, 1660008862.616067, 1660008862.616067, 1660014629.78381, 1660014629.78381, 1660015018.0173635, 1660015018.0173635, 1660019508.5428636, 1660019508.5428636], [-27.0, -27.0, -25.0002, -25.0002, -11.595, -11.595, -11.6, -11.6, -11.595]]}, "TCL.5L5.B2": {"TCL.5L5.B2:SET_LD": [[1660008632.9809885, 1660008862.5905132, 1660008862.5905132, 1660043898.532877, 1660043898.532877], [27.0, 27.0, 24.9998, 24.9998, 14.08]], "TCL.5L5.B2:SET_RD": [[1660008632.9809885, 1660008862.5905132, 1660008862.5905132, 1660043898.532877, 1660043898.532877], [-27.0, -27.0, -25.0002, -25.0002, -13.9603]]}, "TCL.6L5.B2": {"TCL.6L5.B2:SET_LD": [[1660008633.008337, 1660008862.616258, 1660008862.616258, 1660043900.4423223, 1660043900.4423223], [27.0, 27.0, 24.9998, 24.9998, 1.1176]], "TCL.6L5.B2:SET_RD": [[1660008633.008337, 1660008862.616258, 1660008862.616258, 1660043900.4423223, 1660043900.4423223], [-27.0, -27.0, -25.0002, -25.0002, -0.9827]]}}