{"TCTPH.4L5.B1": {"TCTPH.4L5.B1:SET_LD": [[1659124392.552876, 1659124619.3070319, 1659124619.3070319, 1659132665.2773635, 1659132665.2773635, 1659133080.9797387, 1659133080.9797387, 1659141044.740973, 1659141044.740973], [25.0, 25.0, 11.2315, 11.2315, 6.82, 6.82, 6.815, 6.815, 6.82]], "TCTPH.4L5.B1:SET_RD": [[1659124392.552876, 1659124619.3070319, 1659124619.3070319, 1659132665.2773635, 1659132665.2773635, 1659133080.9797387, 1659133080.9797387, 1659141044.740973, 1659141044.740973], [-25.0, -25.0, -17.5016, -17.5016, -11.905, -11.905, -11.91, -11.91, -11.905]]}, "TCTPV.4L5.B1": {"TCTPV.4L5.B1:SET_LD": [[1659124392.5304885, 1659124619.2689672, 1659124619.2689672], [25.0, 25.0, 9.9342]], "TCTPV.4L5.B1:SET_RD": [[1659124392.5304885, 1659124619.2689672, 1659124619.2689672], [-25.0, -25.0, -10.4444]]}, "TCL.4R5.B1": {"TCL.4R5.B1:SET_LD": [[1659124392.5304885, 1659124619.3150191, 1659124619.3150191, 1659132665.2773635, 1659132665.2773635, 1659132934.7789886, 1659132934.7789886, 1659141044.740973, 1659141044.740973], [27.0, 27.0, 24.9998, 24.9998, 12.415, 12.415, 12.41, 12.41, 12.415]], "TCL.4R5.B1:SET_RD": [[1659124392.5304885, 1659124619.3150191, 1659124619.3150191, 1659132665.2773635, 1659132665.2773635, 1659132934.7789886, 1659132934.7789886, 1659141044.740973, 1659141044.740973], [-27.0, -27.0, -25.0002, -25.0002, -10.665, -10.665, -10.67, -10.67, -10.665]]}, "TCL.5R5.B1": {"TCL.5R5.B1:SET_LD": [[1659124392.5304885, 1659124619.3070319, 1659124619.3070319, 1659132872.348007, 1659132872.348007], [27.0, 27.0, 24.9998, 24.9998, 13.8708]], "TCL.5R5.B1:SET_RD": [[1659124392.5304885, 1659124619.3070319, 1659124619.3070319, 1659132872.348007, 1659132872.348007], [-27.0, -27.0, -25.0002, -25.0002, -14.4061]]}, "TCL.6R5.B1": {"TCL.6R5.B1:SET_LD": [[1659124392.5304885, 1659124619.3070319, 1659124619.3070319, 1659132873.22891, 1659132873.22891], [27.0, 27.0, 24.9998, 24.9998, 1.1399]], "TCL.6R5.B1:SET_RD": [[1659124392.5304885, 1659124619.3070319, 1659124619.3070319, 1659132873.22891, 1659132873.22891], [-27.0, -27.0, -25.0002, -25.0002, -0.95]]}, "TCTPH.4R5.B2": {"TCTPH.4R5.B2:SET_LD": [[1659124406.887759, 1659124632.57744, 1659124632.57744, 1659132665.2773635, 1659132665.2773635, 1659133080.9797387, 1659133080.9797387, 1659141044.740973, 1659141044.740973], [25.0, 25.0, 17.0597, 17.0597, 11.325, 11.325, 11.32, 11.32, 11.325]], "TCTPH.4R5.B2:SET_RD": [[1659124406.887759, 1659124632.57744, 1659124632.57744, 1659132665.2773635, 1659132665.2773635, 1659133080.9797387, 1659133080.9797387, 1659141044.740973, 1659141044.740973], [-25.0, -25.0, -11.1898, -11.1898, -7.4, -7.4, -7.405, -7.405, -7.4]]}, "TCTPV.4R5.B2": {"TCTPV.4R5.B2:SET_LD": [[1659124406.8304884, 1659124632.57744, 1659124632.57744, 1659132801.647172, 1659132801.647172], [25.0, 25.0, 10.1978, 10.1978, 6.49]], "TCTPV.4R5.B2:SET_RD": [[1659124406.8304884, 1659124632.57744, 1659124632.57744, 1659132801.647172, 1659132801.647172], [-25.0, -25.0, -8.908, -8.908, -5.895]]}, "TCL.4L5.B2": {"TCL.4L5.B2:SET_LD": [[1659124406.8304884, 1659124632.57744, 1659124632.57744, 1659132665.2773635, 1659132665.2773635, 1659132934.7789886, 1659132934.7789886, 1659141044.740973, 1659141044.740973], [27.0, 27.0, 24.9998, 24.9998, 11.48, 11.48, 11.475, 11.475, 11.48]], "TCL.4L5.B2:SET_RD": [[1659124406.8304884, 1659124632.57744, 1659124632.57744, 1659132665.2773635, 1659132665.2773635, 1659132934.7789886, 1659132934.7789886, 1659141044.740973, 1659141044.740973], [-27.0, -27.0, -25.0002, -25.0002, -11.595, -11.595, -11.6, -11.6, -11.595]]}, "TCL.5L5.B2": {"TCL.5L5.B2:SET_LD": [[1659124406.8304884, 1659124632.555679, 1659124632.555679, 1659132872.765865, 1659132872.765865], [27.0, 27.0, 24.9998, 24.9998, 14.08]], "TCL.5L5.B2:SET_RD": [[1659124406.8304884, 1659124632.555679, 1659124632.555679, 1659132872.765865, 1659132872.765865], [-27.0, -27.0, -25.0002, -25.0002, -13.9603]]}, "TCL.6L5.B2": {"TCL.6L5.B2:SET_LD": [[1659124406.887759, 1659124632.57744, 1659124632.57744, 1659132873.647898, 1659132873.647898], [27.0, 27.0, 24.9998, 24.9998, 1.1176]], "TCL.6L5.B2:SET_RD": [[1659124406.887759, 1659124632.57744, 1659124632.57744, 1659132873.647898, 1659132873.647898], [-27.0, -27.0, -25.0002, -25.0002, -0.9827]]}}