{"TCTPH.4L5.B1": {"TCTPH.4L5.B1:SET_LD": [[1660318497.076057, 1660318727.0444841, 1660318727.0444841, 1660330806.100301, 1660330806.100301, 1660331308.27715, 1660331308.27715, 1660332281.602697, 1660332281.602697], [25.0, 25.0, 11.2315, 11.2315, 6.82, 6.82, 6.815, 6.815, 6.82]], "TCTPH.4L5.B1:SET_RD": [[1660318497.076057, 1660318727.0444841, 1660318727.0444841, 1660330806.100301, 1660330806.100301, 1660331308.27715, 1660331308.27715, 1660332281.602697, 1660332281.602697], [-25.0, -25.0, -17.5016, -17.5016, -11.905, -11.905, -11.91, -11.91, -11.905]]}, "TCTPV.4L5.B1": {"TCTPV.4L5.B1:SET_LD": [[1660318496.9734886, 1660318726.9749885, 1660318726.9749885], [25.0, 25.0, 9.9342]], "TCTPV.4L5.B1:SET_RD": [[1660318496.9734886, 1660318726.9749885, 1660318726.9749885], [-25.0, -25.0, -10.4444]]}, "TCL.4R5.B1": {"TCL.4R5.B1:SET_LD": [[1660318497.0704885, 1660318727.057044, 1660318727.057044, 1660330806.0981932, 1660330806.0981932, 1660331193.554619, 1660331193.554619, 1660332281.602697, 1660332281.602697], [27.0, 27.0, 24.9998, 24.9998, 12.415, 12.415, 12.41, 12.41, 12.415]], "TCL.4R5.B1:SET_RD": [[1660318497.0704885, 1660318727.057044, 1660318727.057044, 1660330806.0981932, 1660330806.0981932, 1660331193.554619, 1660331193.554619, 1660332281.602697, 1660332281.602697], [-27.0, -27.0, -25.0002, -25.0002, -10.665, -10.665, -10.67, -10.67, -10.665]]}, "TCL.5R5.B1": {"TCL.5R5.B1:SET_LD": [[1660318497.063533, 1660318727.0444841, 1660318727.0444841, 1660330598.6594338, 1660330598.6594338], [27.0, 27.0, 24.9998, 24.9998, 13.8708]], "TCL.5R5.B1:SET_RD": [[1660318497.063533, 1660318727.0444841, 1660318727.0444841, 1660330598.6594338, 1660330598.6594338], [-27.0, -27.0, -25.0002, -25.0002, -14.4061]]}, "TCL.6R5.B1": {"TCL.6R5.B1:SET_LD": [[1660318497.063533, 1660318727.0444841, 1660318727.0444841, 1660330599.400422, 1660330599.400422], [27.0, 27.0, 24.9998, 24.9998, 1.1399]], "TCL.6R5.B1:SET_RD": [[1660318497.063533, 1660318727.0444841, 1660318727.0444841, 1660330599.400422, 1660330599.400422], [-27.0, -27.0, -25.0002, -25.0002, -0.95]]}, "TCTPH.4R5.B2": {"TCTPH.4R5.B2:SET_LD": [[1660318512.7196312, 1660318742.839612, 1660318742.839612, 1660330806.100301, 1660330806.100301, 1660331308.27715, 1660331308.27715, 1660332281.602697, 1660332281.602697], [25.0, 25.0, 17.0597, 17.0597, 11.325, 11.325, 11.32, 11.32, 11.325]], "TCTPH.4R5.B2:SET_RD": [[1660318512.7196312, 1660318742.839612, 1660318742.839612, 1660330806.100301, 1660330806.100301, 1660331308.27715, 1660331308.27715, 1660332281.602697, 1660332281.602697], [-25.0, -25.0, -11.1898, -11.1898, -7.4, -7.4, -7.405, -7.405, -7.4]]}, "TCTPV.4R5.B2": {"TCTPV.4R5.B2:SET_LD": [[1660318512.6798801, 1660318742.839612, 1660318742.839612, 1660330926.77814, 1660330926.77814], [25.0, 25.0, 10.1978, 10.1978, 6.49]], "TCTPV.4R5.B2:SET_RD": [[1660318512.6798801, 1660318742.839612, 1660318742.839612, 1660330926.77814, 1660330926.77814], [-25.0, -25.0, -8.908, -8.908, -5.895]]}, "TCL.4L5.B2": {"TCL.4L5.B2:SET_LD": [[1660318512.6798801, 1660318742.848171, 1660318742.848171, 1660330806.100301, 1660330806.100301, 1660331193.554619, 1660331193.554619, 1660332281.602697, 1660332281.602697], [27.0, 27.0, 24.9998, 24.9998, 11.48, 11.48, 11.475, 11.475, 11.48]], "TCL.4L5.B2:SET_RD": [[1660318512.6798801, 1660318742.848171, 1660318742.848171, 1660330806.100301, 1660330806.100301, 1660331193.554619, 1660331193.554619, 1660332281.602697, 1660332281.602697], [-27.0, -27.0, -25.0002, -25.0002, -11.595, -11.595, -11.6, -11.6, -11.595]]}, "TCL.5L5.B2": {"TCL.5L5.B2:SET_LD": [[1660318512.6798801, 1660318742.828139, 1660318742.828139, 1660330599.0432384, 1660330599.0432384], [27.0, 27.0, 24.9998, 24.9998, 14.08]], "TCL.5L5.B2:SET_RD": [[1660318512.6798801, 1660318742.828139, 1660318742.828139, 1660330599.0432384, 1660330599.0432384], [-27.0, -27.0, -25.0002, -25.0002, -13.9603]]}, "TCL.6L5.B2": {"TCL.6L5.B2:SET_LD": [[1660318512.7227201, 1660318742.848171, 1660318742.848171, 1660330599.8452384, 1660330599.8452384], [27.0, 27.0, 24.9998, 24.9998, 1.1176]], "TCL.6L5.B2:SET_RD": [[1660318512.7227201, 1660318742.848171, 1660318742.848171, 1660330599.8452384, 1660330599.8452384], [-27.0, -27.0, -25.0002, -25.0002, -0.9827]]}}