{"TCTPH.4L5.B1": {"TCTPH.4L5.B1:SET_LD": [[1656401778.779638, 1656401972.923933, 1656401972.923933, 1656420250.5890539, 1656420250.5890539], [25.0, 25.0, 11.2315, 11.2315, 25.0]], "TCTPH.4L5.B1:SET_RD": [[1656401778.779638, 1656401972.923933, 1656401972.923933, 1656420250.5890539, 1656420250.5890539], [-25.0, -25.0, -17.5016, -17.5016, -25.0]]}, "TCTPV.4L5.B1": {"TCTPV.4L5.B1:SET_LD": [[1656401778.754519, 1656401972.9133637, 1656401972.9133637, 1656420250.569378, 1656420250.569378], [25.0, 25.0, 9.9342, 9.9342, 25.0]], "TCTPV.4L5.B1:SET_RD": [[1656401778.754519, 1656401972.9133637, 1656401972.9133637, 1656420250.569378, 1656420250.569378], [-25.0, -25.0, -10.4444, -10.4444, -25.0]]}, "TCL.4R5.B1": {"TCL.4R5.B1:SET_LD": [[1656401778.779638, 1656401972.921794, 1656401972.921794, 1656420250.5890539, 1656420250.5890539], [27.0, 27.0, 24.9998, 24.9998, 27.0]], "TCL.4R5.B1:SET_RD": [[1656401778.779638, 1656401972.921794, 1656401972.921794, 1656420250.5890539, 1656420250.5890539], [-27.0, -27.0, -25.0002, -25.0002, -27.0]]}, "TCL.5R5.B1": {"TCL.5R5.B1:SET_LD": [[1656401778.779638, 1656401972.9133637, 1656401972.9133637, 1656420250.5890539, 1656420250.5890539], [27.0, 27.0, 24.9998, 24.9998, 27.0]], "TCL.5R5.B1:SET_RD": [[1656401778.779638, 1656401972.9133637, 1656401972.9133637, 1656420250.5890539, 1656420250.5890539], [-27.0, -27.0, -25.0002, -25.0002, -27.0]]}, "TCL.6R5.B1": {"TCL.6R5.B1:SET_LD": [[1656401778.754519, 1656401972.9133637, 1656401972.9133637, 1656420250.569378, 1656420250.569378], [27.0, 27.0, 24.9998, 24.9998, 27.0]], "TCL.6R5.B1:SET_RD": [[1656401778.754519, 1656401972.9133637, 1656401972.9133637, 1656420250.569378, 1656420250.569378], [-27.0, -27.0, -25.0002, -25.0002, -27.0]]}, "TCTPH.4R5.B2": {"TCTPH.4R5.B2:SET_LD": [[1656401808.2123637, 1656401986.3133636, 1656401986.3133636, 1656420250.585208, 1656420250.585208], [25.0, 25.0, 17.0597, 17.0597, 25.0]], "TCTPH.4R5.B2:SET_RD": [[1656401808.2123637, 1656401986.3133636, 1656401986.3133636, 1656420250.585208, 1656420250.585208], [-25.0, -25.0, -11.1898, -11.1898, -25.0]]}, "TCTPV.4R5.B2": {"TCTPV.4R5.B2:SET_LD": [[1656401808.2123637, 1656401986.3133636, 1656401986.3133636, 1656420250.585208, 1656420250.585208], [25.0, 25.0, 10.1978, 10.1978, 25.0]], "TCTPV.4R5.B2:SET_RD": [[1656401808.2123637, 1656401986.3133636, 1656401986.3133636, 1656420250.585208, 1656420250.585208], [-25.0, -25.0, -8.908, -8.908, -25.0]]}, "TCL.4L5.B2": {"TCL.4L5.B2:SET_LD": [[1656401808.2123637, 1656401986.3133636, 1656401986.3133636, 1656420250.569378, 1656420250.569378], [27.0, 27.0, 24.9998, 24.9998, 27.0]], "TCL.4L5.B2:SET_RD": [[1656401808.2123637, 1656401986.3133636, 1656401986.3133636, 1656420250.569378, 1656420250.569378], [-27.0, -27.0, -25.0002, -25.0002, -27.0]]}, "TCL.5L5.B2": {"TCL.5L5.B2:SET_LD": [[1656401808.2123637, 1656401986.3133636, 1656401986.3133636, 1656420250.569378, 1656420250.569378], [27.0, 27.0, 24.9998, 24.9998, 27.0]], "TCL.5L5.B2:SET_RD": [[1656401808.2123637, 1656401986.3133636, 1656401986.3133636, 1656420250.569378, 1656420250.569378], [-27.0, -27.0, -25.0002, -25.0002, -27.0]]}, "TCL.6L5.B2": {"TCL.6L5.B2:SET_LD": [[1656401808.230537, 1656401986.363658, 1656401986.363658, 1656420250.5890539, 1656420250.5890539], [27.0, 27.0, 24.9998, 24.9998, 27.0]], "TCL.6L5.B2:SET_RD": [[1656401808.230537, 1656401986.363658, 1656401986.363658, 1656420250.5890539, 1656420250.5890539], [-27.0, -27.0, -25.0002, -25.0002, -27.0]]}}