{"TCTPH.4L5.B1": {"TCTPH.4L5.B1:SET_LD": [[1656274019.9577, 1656274243.0954921, 1656274243.0954921], [25.0, 25.0, 14.0615]], "TCTPH.4L5.B1:SET_RD": [[1656274019.9577, 1656274243.0954921, 1656274243.0954921], [-25.0, -25.0, -14.6716]]}, "TCTPV.4L5.B1": {"TCTPV.4L5.B1:SET_LD": [[1656274019.917337, 1656274243.0814886, 1656274243.0814886], [25.0, 25.0, 10.1842]], "TCTPV.4L5.B1:SET_RD": [[1656274019.917337, 1656274243.0814886, 1656274243.0814886], [-25.0, -25.0, -10.1944]]}, "TCL.4R5.B1": {"TCL.4R5.B1:SET_LD": [[1656274019.9577, 1656274243.0954921, 1656274243.0954921], [27.0, 27.0, 24.9998]], "TCL.4R5.B1:SET_RD": [[1656274019.9577, 1656274243.0954921, 1656274243.0954921], [-27.0, -27.0, -25.0002]]}, "TCL.5R5.B1": {"TCL.5R5.B1:SET_LD": [[1656274019.9577, 1656274243.0935528, 1656274243.0935528], [27.0, 27.0, 24.9998]], "TCL.5R5.B1:SET_RD": [[1656274019.9577, 1656274243.0935528, 1656274243.0935528], [-27.0, -27.0, -25.0002]]}, "TCL.6R5.B1": {"TCL.6R5.B1:SET_LD": [[1656274019.917337, 1656274243.0814886, 1656274243.0814886], [27.0, 27.0, 24.9998]], "TCL.6R5.B1:SET_RD": [[1656274019.917337, 1656274243.0814886, 1656274243.0814886], [-27.0, -27.0, -25.0002]]}, "TCTPH.4R5.B2": {"TCTPH.4R5.B2:SET_LD": [[1656274033.582527, 1656274256.326341, 1656274256.326341], [25.0, 25.0, 14.0272]], "TCTPH.4R5.B2:SET_RD": [[1656274033.582527, 1656274256.326341, 1656274256.326341], [-25.0, -25.0, -14.2223]]}, "TCTPV.4R5.B2": {"TCTPV.4R5.B2:SET_LD": [[1656274033.582527, 1656274256.326341, 1656274256.326341], [25.0, 25.0, 9.8178]], "TCTPV.4R5.B2:SET_RD": [[1656274033.582527, 1656274256.326341, 1656274256.326341], [-25.0, -25.0, -9.288]]}, "TCL.4L5.B2": {"TCL.4L5.B2:SET_LD": [[1656274033.5742385, 1656274256.326341, 1656274256.326341], [27.0, 27.0, 24.9998]], "TCL.4L5.B2:SET_RD": [[1656274033.5742385, 1656274256.326341, 1656274256.326341], [-27.0, -27.0, -25.0002]]}, "TCL.5L5.B2": {"TCL.5L5.B2:SET_LD": [[1656274033.570164, 1656274256.326341, 1656274256.326341], [27.0, 27.0, 24.9998]], "TCL.5L5.B2:SET_RD": [[1656274033.570164, 1656274256.326341, 1656274256.326341], [-27.0, -27.0, -25.0002]]}, "TCL.6L5.B2": {"TCL.6L5.B2:SET_LD": [[1656274033.593906, 1656274256.3877041, 1656274256.3877041], [27.0, 27.0, 24.9998]], "TCL.6L5.B2:SET_RD": [[1656274033.593906, 1656274256.3877041, 1656274256.3877041], [-27.0, -27.0, -25.0002]]}}