{"TCTPH.4L5.B1": {"TCTPH.4L5.B1:SET_LD": [[1656552751.5796134, 1656552979.829487, 1656552979.829487, 1656559541.510171, 1656559541.510171, 1656561804.6320949, 1656561804.6320949, 1656574009.375719, 1656574009.375719, 1656574235.366045, 1656574235.366045], [25.0, 25.0, 11.2315, 11.2315, 6.82, 6.82, 6.82, 6.82, 25.0, 25.0, 11.2315]], "TCTPH.4L5.B1:SET_RD": [[1656552751.5796134, 1656552979.829487, 1656552979.829487, 1656559541.510171, 1656559541.510171, 1656561804.6320949, 1656561804.6320949, 1656574009.375719, 1656574009.375719, 1656574235.366045, 1656574235.366045], [-25.0, -25.0, -17.5016, -17.5016, -11.905, -11.905, -11.905, -11.905, -25.0, -25.0, -17.5016]]}, "TCTPV.4L5.B1": {"TCTPV.4L5.B1:SET_LD": [[1656552751.482808, 1656552979.7808635, 1656552979.7808635, 1656559541.510171, 1656559541.510171, 1656574009.332553, 1656574009.332553, 1656574235.339358, 1656574235.339358], [25.0, 25.0, 9.9342, 9.9342, 6.24, 6.24, 25.0, 25.0, 9.9342]], "TCTPV.4L5.B1:SET_RD": [[1656552751.482808, 1656552979.7808635, 1656552979.7808635, 1656559541.510171, 1656559541.510171, 1656574009.332553, 1656574009.332553, 1656574235.339358, 1656574235.339358], [-25.0, -25.0, -10.4444, -10.4444, -6.145, -6.145, -25.0, -25.0, -10.4444]]}, "TCL.4R5.B1": {"TCL.4R5.B1:SET_LD": [[1656552751.5796134, 1656552979.829487, 1656552979.829487, 1656559541.450079, 1656559541.450079, 1656561804.6320949, 1656561804.6320949, 1656574009.375719, 1656574009.375719, 1656574235.366045, 1656574235.366045], [27.0, 27.0, 24.9998, 24.9998, 12.415, 12.415, 12.415, 12.415, 27.0, 27.0, 24.9998]], "TCL.4R5.B1:SET_RD": [[1656552751.5796134, 1656552979.829487, 1656552979.829487, 1656559541.450079, 1656559541.450079, 1656561804.6320949, 1656561804.6320949, 1656574009.375719, 1656574009.375719, 1656574235.366045, 1656574235.366045], [-27.0, -27.0, -25.0002, -25.0002, -10.665, -10.665, -10.665, -10.665, -27.0, -27.0, -25.0002]]}, "TCL.5R5.B1": {"TCL.5R5.B1:SET_LD": [[1656552751.5796134, 1656552979.829487, 1656552979.829487, 1656558986.4231732, 1656558986.4231732, 1656574009.375719, 1656574009.375719, 1656574235.339358, 1656574235.339358], [27.0, 27.0, 24.9998, 24.9998, 13.8708, 13.8708, 27.0, 27.0, 24.9998]], "TCL.5R5.B1:SET_RD": [[1656552751.5796134, 1656552979.829487, 1656552979.829487, 1656558986.4231732, 1656558986.4231732, 1656574009.375719, 1656574009.375719, 1656574235.339358, 1656574235.339358], [-27.0, -27.0, -25.0002, -25.0002, -14.4061, -14.4061, -27.0, -27.0, -25.0002]]}, "TCL.6R5.B1": {"TCL.6R5.B1:SET_LD": [[1656552751.482808, 1656552979.7808635, 1656552979.7808635, 1656558987.083891, 1656558987.083891, 1656574009.332553, 1656574009.332553, 1656574235.339358, 1656574235.339358], [27.0, 27.0, 24.9998, 24.9998, 1.1399, 1.1399, 27.0, 27.0, 24.9998]], "TCL.6R5.B1:SET_RD": [[1656552751.482808, 1656552979.7808635, 1656552979.7808635, 1656558987.083891, 1656558987.083891, 1656574009.332553, 1656574009.332553, 1656574235.339358, 1656574235.339358], [-27.0, -27.0, -25.0002, -25.0002, -0.95, -0.95, -27.0, -27.0, -25.0002]]}, "TCTPH.4R5.B2": {"TCTPH.4R5.B2:SET_LD": [[1656552765.7132812, 1656552993.224465, 1656552993.224465, 1656559541.510171, 1656559541.510171, 1656561804.6320949, 1656561804.6320949, 1656574023.90553, 1656574023.90553, 1656574249.162834, 1656574249.162834], [25.0, 25.0, 17.0597, 17.0597, 11.325, 11.325, 11.325, 11.325, 25.0, 25.0, 17.0597]], "TCTPH.4R5.B2:SET_RD": [[1656552765.7132812, 1656552993.224465, 1656552993.224465, 1656559541.510171, 1656559541.510171, 1656561804.6320949, 1656561804.6320949, 1656574023.90553, 1656574023.90553, 1656574249.162834, 1656574249.162834], [-25.0, -25.0, -11.1898, -11.1898, -7.4, -7.4, -7.4, -7.4, -25.0, -25.0, -11.1898]]}, "TCTPV.4R5.B2": {"TCTPV.4R5.B2:SET_LD": [[1656552765.7132812, 1656552993.224465, 1656552993.224465, 1656559541.510171, 1656559541.510171, 1656574023.90553, 1656574023.90553, 1656574249.162834, 1656574249.162834], [25.0, 25.0, 10.1978, 10.1978, 6.49, 6.49, 25.0, 25.0, 10.1978]], "TCTPV.4R5.B2:SET_RD": [[1656552765.7132812, 1656552993.224465, 1656552993.224465, 1656559541.510171, 1656559541.510171, 1656574023.90553, 1656574023.90553, 1656574249.162834, 1656574249.162834], [-25.0, -25.0, -8.908, -8.908, -5.895, -5.895, -25.0, -25.0, -8.908]]}, "TCL.4L5.B2": {"TCL.4L5.B2:SET_LD": [[1656552765.6797388, 1656552993.252391, 1656552993.252391, 1656559541.450079, 1656559541.450079, 1656561804.6320949, 1656561804.6320949, 1656574023.90553, 1656574023.90553, 1656574249.162834, 1656574249.162834], [27.0, 27.0, 24.9998, 24.9998, 11.48, 11.48, 11.48, 11.48, 27.0, 27.0, 24.9998]], "TCL.4L5.B2:SET_RD": [[1656552765.6797388, 1656552993.252391, 1656552993.252391, 1656559541.450079, 1656559541.450079, 1656561804.6320949, 1656561804.6320949, 1656574023.90553, 1656574023.90553, 1656574249.162834, 1656574249.162834], [-27.0, -27.0, -25.0002, -25.0002, -11.595, -11.595, -11.595, -11.595, -27.0, -27.0, -25.0002]]}, "TCL.5L5.B2": {"TCL.5L5.B2:SET_LD": [[1656552765.6797388, 1656552993.224465, 1656552993.224465, 1656558986.763242, 1656558986.763242, 1656574023.90553, 1656574023.90553, 1656574249.162834, 1656574249.162834], [27.0, 27.0, 24.9998, 24.9998, 14.08, 14.08, 27.0, 27.0, 24.9998]], "TCL.5L5.B2:SET_RD": [[1656552765.6797388, 1656552993.224465, 1656552993.224465, 1656558986.763242, 1656558986.763242, 1656574023.90553, 1656574023.90553, 1656574249.162834, 1656574249.162834], [-27.0, -27.0, -25.0002, -25.0002, -13.9603, -13.9603, -27.0, -27.0, -25.0002]]}, "TCL.6L5.B2": {"TCL.6L5.B2:SET_LD": [[1656552765.7256951, 1656552993.2625742, 1656552993.2625742, 1656558987.4149885, 1656558987.4149885, 1656574023.9339242, 1656574023.9339242, 1656574249.180814, 1656574249.180814], [27.0, 27.0, 24.9998, 24.9998, 1.1176, 1.1176, 27.0, 27.0, 24.9998]], "TCL.6L5.B2:SET_RD": [[1656552765.7256951, 1656552993.2625742, 1656552993.2625742, 1656558987.4149885, 1656558987.4149885, 1656574023.9339242, 1656574023.9339242, 1656574249.180814, 1656574249.180814], [-27.0, -27.0, -25.0002, -25.0002, -0.9827, -0.9827, -27.0, -27.0, -25.0002]]}}