{"TCTPH.4L5.B1": {"TCTPH.4L5.B1:SET_LD": [[1657499447.5548162, 1657499669.193973, 1657499669.193973, 1657506620.191792, 1657506620.191792, 1657509553.3807387, 1657509553.3807387, 1657514673.629632, 1657514673.629632], [25.0, 25.0, 11.2315, 11.2315, 6.82, 6.82, 6.815, 6.815, 6.82]], "TCTPH.4L5.B1:SET_RD": [[1657499447.5548162, 1657499669.193973, 1657499669.193973, 1657506620.191792, 1657506620.191792, 1657509553.3807387, 1657509553.3807387, 1657514673.629632, 1657514673.629632], [-25.0, -25.0, -17.5016, -17.5016, -11.905, -11.905, -11.91, -11.91, -11.905]]}, "TCTPV.4L5.B1": {"TCTPV.4L5.B1:SET_LD": [[1657499447.5233636, 1657499669.145034, 1657499669.145034, 1657506620.191792, 1657506620.191792], [25.0, 25.0, 9.9342, 9.9342, 6.24]], "TCTPV.4L5.B1:SET_RD": [[1657499447.5233636, 1657499669.145034, 1657499669.145034, 1657506620.191792, 1657506620.191792], [-25.0, -25.0, -10.4444, -10.4444, -6.145]]}, "TCL.4R5.B1": {"TCL.4R5.B1:SET_LD": [[1657499447.548316, 1657499669.2039812, 1657499669.2039812, 1657506620.191792, 1657506620.191792, 1657508089.2724886, 1657508089.2724886, 1657514673.629632, 1657514673.629632], [27.0, 27.0, 24.9998, 24.9998, 12.415, 12.415, 12.41, 12.41, 12.415]], "TCL.4R5.B1:SET_RD": [[1657499447.548316, 1657499669.2039812, 1657499669.2039812, 1657506620.191792, 1657506620.191792, 1657508089.2724886, 1657508089.2724886, 1657514673.629632, 1657514673.629632], [-27.0, -27.0, -25.0002, -25.0002, -10.665, -10.665, -10.67, -10.67, -10.665]]}, "TCL.5R5.B1": {"TCL.5R5.B1:SET_LD": [[1657499447.5233636, 1657499669.193973, 1657499669.193973, 1657513874.143861, 1657513874.143861], [27.0, 27.0, 24.9998, 24.9998, 13.8708]], "TCL.5R5.B1:SET_RD": [[1657499447.5233636, 1657499669.193973, 1657499669.193973, 1657513874.143861, 1657513874.143861], [-27.0, -27.0, -25.0002, -25.0002, -14.4061]]}, "TCL.6R5.B1": {"TCL.6R5.B1:SET_LD": [[1657499447.5233636, 1657499669.193973, 1657499669.193973, 1657513876.14416, 1657513876.14416], [27.0, 27.0, 24.9998, 24.9998, 1.1399]], "TCL.6R5.B1:SET_RD": [[1657499447.5233636, 1657499669.193973, 1657499669.193973, 1657513876.14416, 1657513876.14416], [-27.0, -27.0, -25.0002, -25.0002, -0.95]]}, "TCTPH.4R5.B2": {"TCTPH.4R5.B2:SET_LD": [[1657499461.390026, 1657499684.4737341, 1657499684.4737341, 1657506620.191792, 1657506620.191792, 1657509553.3807387, 1657509553.3807387, 1657514673.629632, 1657514673.629632], [25.0, 25.0, 17.0597, 17.0597, 11.325, 11.325, 11.32, 11.32, 11.325]], "TCTPH.4R5.B2:SET_RD": [[1657499461.390026, 1657499684.4737341, 1657499684.4737341, 1657506620.191792, 1657506620.191792, 1657509553.3807387, 1657509553.3807387, 1657514673.629632, 1657514673.629632], [-25.0, -25.0, -11.1898, -11.1898, -7.4, -7.4, -7.405, -7.405, -7.4]]}, "TCTPV.4R5.B2": {"TCTPV.4R5.B2:SET_LD": [[1657499461.348216, 1657499684.4737341, 1657499684.4737341, 1657506620.191792, 1657506620.191792], [25.0, 25.0, 10.1978, 10.1978, 6.49]], "TCTPV.4R5.B2:SET_RD": [[1657499461.348216, 1657499684.4737341, 1657499684.4737341, 1657506620.191792, 1657506620.191792], [-25.0, -25.0, -8.908, -8.908, -5.895]]}, "TCL.4L5.B2": {"TCL.4L5.B2:SET_LD": [[1657499461.384053, 1657499684.4737341, 1657499684.4737341, 1657506620.191792, 1657506620.191792, 1657508089.2724886, 1657508089.2724886, 1657514673.629632, 1657514673.629632], [27.0, 27.0, 24.9998, 24.9998, 11.48, 11.48, 11.475, 11.475, 11.48]], "TCL.4L5.B2:SET_RD": [[1657499461.384053, 1657499684.4737341, 1657499684.4737341, 1657506620.191792, 1657506620.191792, 1657508089.2724886, 1657508089.2724886, 1657514673.629632, 1657514673.629632], [-27.0, -27.0, -25.0002, -25.0002, -11.595, -11.595, -11.6, -11.6, -11.595]]}, "TCL.5L5.B2": {"TCL.5L5.B2:SET_LD": [[1657499461.384053, 1657499684.4247386, 1657499684.4247386, 1657513875.2052383, 1657513875.2052383], [27.0, 27.0, 24.9998, 24.9998, 14.08]], "TCL.5L5.B2:SET_RD": [[1657499461.384053, 1657499684.4247386, 1657499684.4247386, 1657513875.2052383, 1657513875.2052383], [-27.0, -27.0, -25.0002, -25.0002, -13.9603]]}, "TCL.6L5.B2": {"TCL.6L5.B2:SET_LD": [[1657499461.3942602, 1657499684.4737341, 1657499684.4737341, 1657513877.2352111, 1657513877.2352111], [27.0, 27.0, 24.9998, 24.9998, 1.1176]], "TCL.6L5.B2:SET_RD": [[1657499461.3942602, 1657499684.4737341, 1657499684.4737341, 1657513877.2352111, 1657513877.2352111], [-27.0, -27.0, -25.0002, -25.0002, -0.9827]]}}