{"TCTPH.4L5.B1": {"TCTPH.4L5.B1:SET_LD": [[1656637784.797076, 1656638010.751181, 1656638010.751181, 1656647487.66117, 1656647487.66117, 1656647881.453685, 1656647881.453685, 1656648425.6292384, 1656648425.6292384], [25.0, 25.0, 11.2315, 11.2315, 6.82, 6.82, 6.815, 6.815, 6.82]], "TCTPH.4L5.B1:SET_RD": [[1656637784.797076, 1656638010.751181, 1656638010.751181, 1656647487.66117, 1656647487.66117, 1656647881.453685, 1656647881.453685, 1656648425.6292384, 1656648425.6292384], [-25.0, -25.0, -17.5016, -17.5016, -11.905, -11.905, -11.91, -11.91, -11.905]]}, "TCTPV.4L5.B1": {"TCTPV.4L5.B1:SET_LD": [[1656637784.7678635, 1656638010.6692386, 1656638010.6692386, 1656647487.66117, 1656647487.66117], [25.0, 25.0, 9.9342, 9.9342, 6.24]], "TCTPV.4L5.B1:SET_RD": [[1656637784.7678635, 1656638010.6692386, 1656638010.6692386, 1656647487.66117, 1656647487.66117], [-25.0, -25.0, -10.4444, -10.4444, -6.145]]}, "TCL.4R5.B1": {"TCL.4R5.B1:SET_LD": [[1656637784.797076, 1656638010.751181, 1656638010.751181, 1656647487.66117, 1656647487.66117, 1656648425.6292384, 1656648425.6292384], [27.0, 27.0, 24.9998, 24.9998, 12.415, 12.415, 12.415]], "TCL.4R5.B1:SET_RD": [[1656637784.797076, 1656638010.751181, 1656638010.751181, 1656647487.66117, 1656647487.66117, 1656648425.6292384, 1656648425.6292384], [-27.0, -27.0, -25.0002, -25.0002, -10.665, -10.665, -10.665]]}, "TCL.5R5.B1": {"TCL.5R5.B1:SET_LD": [[1656637784.797076, 1656638010.751181, 1656638010.751181, 1656646213.3163636, 1656646213.3163636], [27.0, 27.0, 24.9998, 24.9998, 13.8708]], "TCL.5R5.B1:SET_RD": [[1656637784.797076, 1656638010.751181, 1656638010.751181, 1656646213.3163636, 1656646213.3163636], [-27.0, -27.0, -25.0002, -25.0002, -14.4061]]}, "TCL.6R5.B1": {"TCL.6R5.B1:SET_LD": [[1656637784.7678635, 1656638010.6692386, 1656638010.6692386, 1656646214.0133636, 1656646214.0133636, 1656647175.158589, 1656647175.158589], [27.0, 27.0, 24.9998, 24.9998, 1.1399, 1.1399, 1.4198999999999997]], "TCL.6R5.B1:SET_RD": [[1656637784.7678635, 1656638010.6692386, 1656638010.6692386, 1656646214.0133636, 1656646214.0133636, 1656647175.158589, 1656647175.158589], [-27.0, -27.0, -25.0002, -25.0002, -0.95, -0.95, -1.23]]}, "TCTPH.4R5.B2": {"TCTPH.4R5.B2:SET_LD": [[1656637799.3679886, 1656638024.2692385, 1656638024.2692385, 1656647487.66117, 1656647487.66117, 1656647881.453685, 1656647881.453685, 1656648425.6292384, 1656648425.6292384], [25.0, 25.0, 17.0597, 17.0597, 11.325, 11.325, 11.32, 11.32, 11.325]], "TCTPH.4R5.B2:SET_RD": [[1656637799.3679886, 1656638024.2692385, 1656638024.2692385, 1656647487.66117, 1656647487.66117, 1656647881.453685, 1656647881.453685, 1656648425.6292384, 1656648425.6292384], [-25.0, -25.0, -11.1898, -11.1898, -7.4, -7.4, -7.405, -7.405, -7.4]]}, "TCTPV.4R5.B2": {"TCTPV.4R5.B2:SET_LD": [[1656637799.3738112, 1656638024.2692385, 1656638024.2692385, 1656647487.66117, 1656647487.66117], [25.0, 25.0, 10.1978, 10.1978, 6.49]], "TCTPV.4R5.B2:SET_RD": [[1656637799.3738112, 1656638024.2692385, 1656638024.2692385, 1656647487.66117, 1656647487.66117], [-25.0, -25.0, -8.908, -8.908, -5.895]]}, "TCL.4L5.B2": {"TCL.4L5.B2:SET_LD": [[1656637799.337516, 1656638024.2692385, 1656638024.2692385, 1656647487.66117, 1656647487.66117, 1656648425.6292384, 1656648425.6292384], [27.0, 27.0, 24.9998, 24.9998, 11.48, 11.48, 11.48]], "TCL.4L5.B2:SET_RD": [[1656637799.337516, 1656638024.2692385, 1656638024.2692385, 1656647487.66117, 1656647487.66117, 1656648425.6292384, 1656648425.6292384], [-27.0, -27.0, -25.0002, -25.0002, -11.595, -11.595, -11.595]]}, "TCL.5L5.B2": {"TCL.5L5.B2:SET_LD": [[1656637799.337516, 1656638024.2692385, 1656638024.2692385, 1656646213.659811, 1656646213.659811], [27.0, 27.0, 24.9998, 24.9998, 14.08]], "TCL.5L5.B2:SET_RD": [[1656637799.337516, 1656638024.2692385, 1656638024.2692385, 1656646213.659811, 1656646213.659811], [-27.0, -27.0, -25.0002, -25.0002, -13.9603]]}, "TCL.6L5.B2": {"TCL.6L5.B2:SET_LD": [[1656637799.380974, 1656638024.292916, 1656638024.292916, 1656646214.3675902, 1656646214.3675902, 1656647134.7824922, 1656647134.7824922], [27.0, 27.0, 24.9998, 24.9998, 1.1176, 1.1176, 1.4175999999999997]], "TCL.6L5.B2:SET_RD": [[1656637799.380974, 1656638024.292916, 1656638024.292916, 1656646214.3675902, 1656646214.3675902, 1656647134.7824922, 1656647134.7824922], [-27.0, -27.0, -25.0002, -25.0002, -0.9827, -0.9827, -1.2827000000000002]]}}